{"polyfill":["/polyfill-ab03d1dd9296e00ace3d.js"],"app":["/app-2a354569f894bd126a7b.js"],"component---src-pages-404-tsx":["/component---src-pages-404-tsx-65c80590fba00a14dc61.js"],"component---src-pages-about-us-tsx":["/component---src-pages-about-us-tsx-1af7e67cf8c4d11ce5b8.js"],"component---src-pages-admin-admin-layout-tsx":["/component---src-pages-admin-admin-layout-tsx-1ddd78f451a7b5acca80.js"],"component---src-pages-admin-careers-index-tsx":["/component---src-pages-admin-careers-index-tsx-8052270d493856ea0f35.js"],"component---src-pages-admin-courses-courses-tsx":["/component---src-pages-admin-courses-courses-tsx-d096a91467d72c20ae76.js"],"component---src-pages-admin-courses-index-tsx":["/component---src-pages-admin-courses-index-tsx-adca3233a5daad992427.js"],"component---src-pages-admin-downloads-index-tsx":["/component---src-pages-admin-downloads-index-tsx-b873b0612ea28681ac27.js"],"component---src-pages-admin-events-index-tsx":["/component---src-pages-admin-events-index-tsx-10d750c8ef6d98f7ae97.js"],"component---src-pages-admin-index-tsx":["/component---src-pages-admin-index-tsx-3607eca5bf08fd6cee0f.js"],"component---src-pages-admin-login-tsx":["/component---src-pages-admin-login-tsx-66014cbf323e6beca37a.js"],"component---src-pages-admin-news-index-tsx":["/component---src-pages-admin-news-index-tsx-70bfc92afb4c89a2badf.js"],"component---src-pages-admin-notices-index-tsx":["/component---src-pages-admin-notices-index-tsx-0355d3fd80854afdd8bb.js"],"component---src-pages-admin-tenders-index-tsx":["/component---src-pages-admin-tenders-index-tsx-e1086c56e41a3bb8816f.js"],"component---src-pages-admissions-tsx":["/component---src-pages-admissions-tsx-96295af72e7ecb22df92.js"],"component---src-pages-apply-online-tsx":["/component---src-pages-apply-online-tsx-2b32dcc2ce58185f5a03.js"],"component---src-pages-campus-life-tsx":["/component---src-pages-campus-life-tsx-273778b7a33e47d7bf80.js"],"component---src-pages-contact-us-tsx":["/component---src-pages-contact-us-tsx-02aaa5dd24452be6ea10.js"],"component---src-pages-content-tsx":["/component---src-pages-content-tsx-b0fb65a7fe70790187df.js"],"component---src-pages-course-description-tsx":["/component---src-pages-course-description-tsx-b76125435e75210e3eee.js"],"component---src-pages-courses-tsx":["/component---src-pages-courses-tsx-fe81ac86c068b87c37b6.js"],"component---src-pages-downloads-tsx":["/component---src-pages-downloads-tsx-fc05d0379cee2f18de01.js"],"component---src-pages-event-tsx":["/component---src-pages-event-tsx-3768a6048d4e8e8e498f.js"],"component---src-pages-faqs-tsx":["/component---src-pages-faqs-tsx-e01aca0c286829263fe8.js"],"component---src-pages-index-tsx":["/component---src-pages-index-tsx-94fbe69540214b6ff00a.js"],"component---src-pages-login-tsx":["/component---src-pages-login-tsx-838d3ffbfcb1203beb85.js"],"component---src-pages-maintenance-tsx":["/component---src-pages-maintenance-tsx-def144ad7e09fb6279dd.js"],"component---src-pages-notice-tsx":["/component---src-pages-notice-tsx-f20dd40371403775e844.js"],"component---src-pages-post-tsx":["/component---src-pages-post-tsx-944406be38a36b60560c.js"],"component---src-pages-privacyandterms-tsx":["/component---src-pages-privacyandterms-tsx-5c0d67123069da1a481f.js"],"component---src-pages-research-and-development-tsx":["/component---src-pages-research-and-development-tsx-36acce4aa48d05dfcef1.js"],"component---src-pages-schools-tsx":["/component---src-pages-schools-tsx-bd567b329691277094ca.js"],"component---src-pages-tenders-tsx":["/component---src-pages-tenders-tsx-2f11eaac1e41e1488d3f.js"],"component---src-pages-vacancies-tsx":["/component---src-pages-vacancies-tsx-5f9d7c647c365f69b2ab.js"]}