{"polyfill":["/polyfill-1f6ffa5f3faea02028b1.js"],"app":["/app-c34e09a5219dea750999.js"],"component---src-pages-404-tsx":["/component---src-pages-404-tsx-0e856c415f18c772bdaa.js"],"component---src-pages-about-us-tsx":["/component---src-pages-about-us-tsx-375cc8e67b4c8fe89df5.js"],"component---src-pages-admin-admin-layout-tsx":["/component---src-pages-admin-admin-layout-tsx-062b6b13f09539a69c5d.js"],"component---src-pages-admin-careers-add-careers-tsx":["/component---src-pages-admin-careers-add-careers-tsx-6a90e3bbd3be880a0184.js"],"component---src-pages-admin-careers-index-tsx":["/component---src-pages-admin-careers-index-tsx-6ebd930e8b26e7489948.js"],"component---src-pages-admin-courses-add-course-tsx":["/component---src-pages-admin-courses-add-course-tsx-c6d37a87924dca46f6ff.js"],"component---src-pages-admin-courses-index-tsx":["/component---src-pages-admin-courses-index-tsx-ff3094555f0fae00d31f.js"],"component---src-pages-admin-downloads-add-download-tsx":["/component---src-pages-admin-downloads-add-download-tsx-773c6f890c569570e796.js"],"component---src-pages-admin-downloads-index-tsx":["/component---src-pages-admin-downloads-index-tsx-dd41ba9c6f0ca14f05da.js"],"component---src-pages-admin-events-add-event-tsx":["/component---src-pages-admin-events-add-event-tsx-b6c9f2c75bb89fd58960.js"],"component---src-pages-admin-events-index-tsx":["/component---src-pages-admin-events-index-tsx-101785c9fbe9cd357f6f.js"],"component---src-pages-admin-index-tsx":["/component---src-pages-admin-index-tsx-fdb65675740b5a40fe0c.js"],"component---src-pages-admin-login-tsx":["/component---src-pages-admin-login-tsx-2fdcca9e2df0e7eaca69.js"],"component---src-pages-admin-news-add-news-tsx":["/component---src-pages-admin-news-add-news-tsx-b5ec14cc769d1d1cf6d6.js"],"component---src-pages-admin-news-index-tsx":["/component---src-pages-admin-news-index-tsx-f3a08fd9b7a2a43d27e4.js"],"component---src-pages-admin-notices-add-notice-tsx":["/component---src-pages-admin-notices-add-notice-tsx-d7093513cb86ffe7bd96.js"],"component---src-pages-admin-notices-index-tsx":["/component---src-pages-admin-notices-index-tsx-f490a0578c848832e426.js"],"component---src-pages-admin-tenders-add-tender-tsx":["/component---src-pages-admin-tenders-add-tender-tsx-1909b210eec480874435.js"],"component---src-pages-admin-tenders-index-tsx":["/component---src-pages-admin-tenders-index-tsx-803aba65fc25a1adcc69.js"],"component---src-pages-admin-website-forms-index-tsx":["/component---src-pages-admin-website-forms-index-tsx-d186ce0dc11367eaf411.js"],"component---src-pages-admissions-tsx":["/component---src-pages-admissions-tsx-dd9e9ee034d1dad01797.js"],"component---src-pages-apply-online-tsx":["/component---src-pages-apply-online-tsx-4152377d242b3bc80c9c.js"],"component---src-pages-campus-life-tsx":["/component---src-pages-campus-life-tsx-f648f3e61dc33edf211f.js"],"component---src-pages-contact-us-tsx":["/component---src-pages-contact-us-tsx-183d0e801985a36c5dad.js"],"component---src-pages-content-tsx":["/component---src-pages-content-tsx-d30d28429f4e5c77a7cf.js"],"component---src-pages-course-description-tsx":["/component---src-pages-course-description-tsx-5cb370fd3be1590dbccd.js"],"component---src-pages-courses-tsx":["/component---src-pages-courses-tsx-44fbf003e6ecb13b0638.js"],"component---src-pages-downloads-tsx":["/component---src-pages-downloads-tsx-ef6e8c6a16e7cc899596.js"],"component---src-pages-events-tsx":["/component---src-pages-events-tsx-5ca028e62ad325a548cf.js"],"component---src-pages-faqs-tsx":["/component---src-pages-faqs-tsx-fc6414ac2b4ab09ff6b1.js"],"component---src-pages-index-tsx":["/component---src-pages-index-tsx-69cd2bb2948e246a3224.js"],"component---src-pages-login-tsx":["/component---src-pages-login-tsx-5778fa522ad78685355f.js"],"component---src-pages-maintenance-tsx":["/component---src-pages-maintenance-tsx-f8e2ac20bd635733cc62.js"],"component---src-pages-notice-tsx":["/component---src-pages-notice-tsx-0c1a790a97d84d9e51ba.js"],"component---src-pages-post-tsx":["/component---src-pages-post-tsx-fc28d61819ffc8ddeb87.js"],"component---src-pages-privacyandterms-tsx":["/component---src-pages-privacyandterms-tsx-3c849be1625038b7d954.js"],"component---src-pages-research-and-development-tsx":["/component---src-pages-research-and-development-tsx-794b5013380432fc60ee.js"],"component---src-pages-schools-tsx":["/component---src-pages-schools-tsx-e13c4fa1120618648486.js"],"component---src-pages-tenders-tsx":["/component---src-pages-tenders-tsx-8d5545e481b4e93466d5.js"],"component---src-pages-vacancies-tsx":["/component---src-pages-vacancies-tsx-0bb70795acdb4fefcced.js"]}