{"polyfill":["/polyfill-02f9075c75ef6da75512.js"],"app":["/app-8842824cdc10e9eca9ae.js"],"component---src-pages-404-tsx":["/component---src-pages-404-tsx-65c80590fba00a14dc61.js"],"component---src-pages-about-us-tsx":["/component---src-pages-about-us-tsx-1af7e67cf8c4d11ce5b8.js"],"component---src-pages-admin-admin-layout-tsx":["/component---src-pages-admin-admin-layout-tsx-0bcd4aeb3f8265ae1f7e.js"],"component---src-pages-admin-careers-index-tsx":["/component---src-pages-admin-careers-index-tsx-8052270d493856ea0f35.js"],"component---src-pages-admin-courses-courses-tsx":["/component---src-pages-admin-courses-courses-tsx-d096a91467d72c20ae76.js"],"component---src-pages-admin-courses-index-tsx":["/component---src-pages-admin-courses-index-tsx-adca3233a5daad992427.js"],"component---src-pages-admin-downloads-index-tsx":["/component---src-pages-admin-downloads-index-tsx-b873b0612ea28681ac27.js"],"component---src-pages-admin-events-index-tsx":["/component---src-pages-admin-events-index-tsx-10d750c8ef6d98f7ae97.js"],"component---src-pages-admin-index-tsx":["/component---src-pages-admin-index-tsx-3607eca5bf08fd6cee0f.js"],"component---src-pages-admin-login-tsx":["/component---src-pages-admin-login-tsx-a38054aa4e7acc42c82f.js"],"component---src-pages-admin-news-index-tsx":["/component---src-pages-admin-news-index-tsx-70bfc92afb4c89a2badf.js"],"component---src-pages-admin-notices-index-tsx":["/component---src-pages-admin-notices-index-tsx-0355d3fd80854afdd8bb.js"],"component---src-pages-admin-tenders-index-tsx":["/component---src-pages-admin-tenders-index-tsx-e1086c56e41a3bb8816f.js"],"component---src-pages-admin-website-forms-index-tsx":["/component---src-pages-admin-website-forms-index-tsx-e77b1a18b8b7b5fcf6dc.js"],"component---src-pages-admissions-tsx":["/component---src-pages-admissions-tsx-b56cff0ef5a3ee3c155c.js"],"component---src-pages-apply-online-tsx":["/component---src-pages-apply-online-tsx-93a4857980974712d945.js"],"component---src-pages-campus-life-tsx":["/component---src-pages-campus-life-tsx-105eb20024ac34bcf647.js"],"component---src-pages-contact-us-tsx":["/component---src-pages-contact-us-tsx-9cef255532c3a4c75093.js"],"component---src-pages-content-tsx":["/component---src-pages-content-tsx-8f50ef6168708b49270a.js"],"component---src-pages-course-description-tsx":["/component---src-pages-course-description-tsx-1a8f176fdd648a829e97.js"],"component---src-pages-courses-tsx":["/component---src-pages-courses-tsx-232612b4871e1f659065.js"],"component---src-pages-downloads-tsx":["/component---src-pages-downloads-tsx-9fc1e4ecb44a1b52113e.js"],"component---src-pages-events-tsx":["/component---src-pages-events-tsx-bfd081574d9fd4f74471.js"],"component---src-pages-faqs-tsx":["/component---src-pages-faqs-tsx-468854fb88cdafc5e58f.js"],"component---src-pages-index-tsx":["/component---src-pages-index-tsx-f84cd73144e88b08438e.js"],"component---src-pages-login-tsx":["/component---src-pages-login-tsx-0d9c66bef39a176af426.js"],"component---src-pages-maintenance-tsx":["/component---src-pages-maintenance-tsx-dfe415e52c3fbe8131ff.js"],"component---src-pages-notice-tsx":["/component---src-pages-notice-tsx-9c6293391a2c2ce77309.js"],"component---src-pages-post-tsx":["/component---src-pages-post-tsx-d5d056ccc498af266329.js"],"component---src-pages-privacyandterms-tsx":["/component---src-pages-privacyandterms-tsx-ba463d18568b3fdaffc4.js"],"component---src-pages-research-and-development-tsx":["/component---src-pages-research-and-development-tsx-d4b528a993ea8b42d58c.js"],"component---src-pages-schools-tsx":["/component---src-pages-schools-tsx-bd567b329691277094ca.js"],"component---src-pages-tenders-tsx":["/component---src-pages-tenders-tsx-160e75533f6cb793b988.js"],"component---src-pages-vacancies-tsx":["/component---src-pages-vacancies-tsx-708b25063b27742e9bfc.js"]}