{"polyfill":["/polyfill-9b0df77e61d28c6a0cba.js"],"app":["/app-e167c9c27e42fc50145a.js"],"component---src-pages-404-tsx":["/component---src-pages-404-tsx-77aeed4e260ceed540ba.js"],"component---src-pages-about-us-tsx":["/component---src-pages-about-us-tsx-0b8124e32bde64c52711.js"],"component---src-pages-admin-admin-layout-tsx":["/component---src-pages-admin-admin-layout-tsx-2ca03ccf21182e25940e.js"],"component---src-pages-admin-careers-index-tsx":["/component---src-pages-admin-careers-index-tsx-de7cb2a9e272fba19733.js"],"component---src-pages-admin-courses-index-tsx":["/component---src-pages-admin-courses-index-tsx-71f0e3dfa06d544d6503.js"],"component---src-pages-admin-downloads-index-tsx":["/component---src-pages-admin-downloads-index-tsx-6475417f24bca35abc28.js"],"component---src-pages-admin-events-index-tsx":["/component---src-pages-admin-events-index-tsx-d1597f10576620881f0b.js"],"component---src-pages-admin-index-tsx":["/component---src-pages-admin-index-tsx-43fbac34013770875845.js"],"component---src-pages-admin-news-index-tsx":["/component---src-pages-admin-news-index-tsx-30ab8697a00d193f1317.js"],"component---src-pages-admin-notices-index-tsx":["/component---src-pages-admin-notices-index-tsx-108bda13be544cffc636.js"],"component---src-pages-admissions-tsx":["/component---src-pages-admissions-tsx-b681ba91aed9be7676b3.js"],"component---src-pages-apply-online-tsx":["/component---src-pages-apply-online-tsx-219ce7391ef42345edfc.js"],"component---src-pages-campus-life-tsx":["/component---src-pages-campus-life-tsx-22028a1cbf529dad033c.js"],"component---src-pages-contact-us-tsx":["/component---src-pages-contact-us-tsx-7b7c877ca3dd765842c5.js"],"component---src-pages-content-tsx":["/component---src-pages-content-tsx-16e9f9316a775f7741d6.js"],"component---src-pages-course-description-tsx":["/component---src-pages-course-description-tsx-e6d55c94205fbca862af.js"],"component---src-pages-courses-tsx":["/component---src-pages-courses-tsx-d975c14f2eee079df973.js"],"component---src-pages-downloads-tsx":["/component---src-pages-downloads-tsx-b77fda949e6a8f2efe64.js"],"component---src-pages-event-tsx":["/component---src-pages-event-tsx-1f97f1d0441fce1a940f.js"],"component---src-pages-faqs-tsx":["/component---src-pages-faqs-tsx-0931073d359c99df498f.js"],"component---src-pages-index-tsx":["/component---src-pages-index-tsx-335189a84826137ef908.js"],"component---src-pages-login-tsx":["/component---src-pages-login-tsx-56e74b3a1cdee24e8690.js"],"component---src-pages-maintenance-tsx":["/component---src-pages-maintenance-tsx-b0be4524ca0ed2020c32.js"],"component---src-pages-notice-tsx":["/component---src-pages-notice-tsx-a0a75aacb064f2d38b54.js"],"component---src-pages-post-tsx":["/component---src-pages-post-tsx-2f121c5155104d1e38a0.js"],"component---src-pages-privacyandterms-tsx":["/component---src-pages-privacyandterms-tsx-43f2c61d2b3fa528e0de.js"],"component---src-pages-research-and-development-tsx":["/component---src-pages-research-and-development-tsx-475f5e82e7dfc2f1242d.js"],"component---src-pages-schools-tsx":["/component---src-pages-schools-tsx-42b5c72d6143ab94aa3c.js"],"component---src-pages-tenders-tsx":["/component---src-pages-tenders-tsx-d04a4fcf7d4e57d74397.js"],"component---src-pages-vacancies-tsx":["/component---src-pages-vacancies-tsx-395971063390fc58f254.js"]}