{"polyfill":["/polyfill-c05ae543d4c9209f3292.js"],"app":["/app-56f893e6eccc3b9ca03a.js"],"component---src-pages-404-tsx":["/component---src-pages-404-tsx-251b4c813a35fa149be5.js"],"component---src-pages-about-us-tsx":["/component---src-pages-about-us-tsx-81414af7d61af26ffc0a.js"],"component---src-pages-admin-admin-layout-tsx":["/component---src-pages-admin-admin-layout-tsx-6e02858843dd4dc63279.js"],"component---src-pages-admin-careers-add-careers-tsx":["/component---src-pages-admin-careers-add-careers-tsx-b381f3b52865f66c5b0c.js"],"component---src-pages-admin-careers-index-tsx":["/component---src-pages-admin-careers-index-tsx-89b38b97c38781e93bab.js"],"component---src-pages-admin-courses-add-course-tsx":["/component---src-pages-admin-courses-add-course-tsx-a70839b6333ef7fbe81c.js"],"component---src-pages-admin-courses-index-tsx":["/component---src-pages-admin-courses-index-tsx-0506e028b01efb833d50.js"],"component---src-pages-admin-downloads-index-tsx":["/component---src-pages-admin-downloads-index-tsx-2dc3215d7f2eeef4063d.js"],"component---src-pages-admin-events-add-event-tsx":["/component---src-pages-admin-events-add-event-tsx-a6b6913b3fae3baced7c.js"],"component---src-pages-admin-events-index-tsx":["/component---src-pages-admin-events-index-tsx-d80be3fbea7e4d123d63.js"],"component---src-pages-admin-index-tsx":["/component---src-pages-admin-index-tsx-46713296748d7779e089.js"],"component---src-pages-admin-login-tsx":["/component---src-pages-admin-login-tsx-b190fcd54a73f12eb666.js"],"component---src-pages-admin-news-index-tsx":["/component---src-pages-admin-news-index-tsx-dfc4732291d5b904acd9.js"],"component---src-pages-admin-notices-index-tsx":["/component---src-pages-admin-notices-index-tsx-63e03658df2f074d54df.js"],"component---src-pages-admin-tenders-index-tsx":["/component---src-pages-admin-tenders-index-tsx-a1bee51548134c3125e9.js"],"component---src-pages-admin-website-forms-index-tsx":["/component---src-pages-admin-website-forms-index-tsx-e2234050e53ce7801762.js"],"component---src-pages-admissions-tsx":["/component---src-pages-admissions-tsx-626f5df2e63300bd1dcf.js"],"component---src-pages-apply-online-tsx":["/component---src-pages-apply-online-tsx-32434e53312a69d32396.js"],"component---src-pages-campus-life-tsx":["/component---src-pages-campus-life-tsx-aff14df1c4e13793dc8a.js"],"component---src-pages-contact-us-tsx":["/component---src-pages-contact-us-tsx-54ddec52e20e430ac5bc.js"],"component---src-pages-content-tsx":["/component---src-pages-content-tsx-a0239918477e38e7458f.js"],"component---src-pages-course-description-tsx":["/component---src-pages-course-description-tsx-2e51ec15f1cdd307e5b3.js"],"component---src-pages-courses-tsx":["/component---src-pages-courses-tsx-64ff413bae0a266c079b.js"],"component---src-pages-downloads-tsx":["/component---src-pages-downloads-tsx-be798086a7005faa88d2.js"],"component---src-pages-events-tsx":["/component---src-pages-events-tsx-dce89fb204e882060890.js"],"component---src-pages-faqs-tsx":["/component---src-pages-faqs-tsx-40080a5434c92855d40d.js"],"component---src-pages-index-tsx":["/component---src-pages-index-tsx-7368e39a02bdd8b4d124.js"],"component---src-pages-login-tsx":["/component---src-pages-login-tsx-af7d260aa7cdb05c4290.js"],"component---src-pages-maintenance-tsx":["/component---src-pages-maintenance-tsx-e596a8e848bd9dc2c1a5.js"],"component---src-pages-notice-tsx":["/component---src-pages-notice-tsx-128e97e855caf6f5d86e.js"],"component---src-pages-post-tsx":["/component---src-pages-post-tsx-a1721d0bbe554e668b4e.js"],"component---src-pages-privacyandterms-tsx":["/component---src-pages-privacyandterms-tsx-f30dfa9c093ca04ebd2c.js"],"component---src-pages-research-and-development-tsx":["/component---src-pages-research-and-development-tsx-cec064e6afebf71aaa5b.js"],"component---src-pages-schools-tsx":["/component---src-pages-schools-tsx-df98eebbe4f8c279a26a.js"],"component---src-pages-tenders-tsx":["/component---src-pages-tenders-tsx-0ff4329d252ad62eb6b0.js"],"component---src-pages-vacancies-tsx":["/component---src-pages-vacancies-tsx-924e13f432e4fff01c32.js"]}