{"errors":[],"warnings":[],"namedChunkGroups":{"polyfill":{"chunks":[7,38],"assets":["webpack-runtime-e3a819f9f43974a5e2d1.js","webpack-runtime-e3a819f9f43974a5e2d1.js.map","polyfill-9b0df77e61d28c6a0cba.js","polyfill-9b0df77e61d28c6a0cba.js.map"],"children":{},"childAssets":{}},"app":{"chunks":[7,0,37,8],"assets":["webpack-runtime-e3a819f9f43974a5e2d1.js","webpack-runtime-e3a819f9f43974a5e2d1.js.map","styles.ffbc03d90f53b0179525.css","styles-89fd2ae28bdf06750a71.js","styles-89fd2ae28bdf06750a71.js.map","framework-94319c46945c3dd78851.js","framework-94319c46945c3dd78851.js.map","app-e167c9c27e42fc50145a.js","app-e167c9c27e42fc50145a.js.map"],"children":{},"childAssets":{}},"component---src-pages-404-tsx":{"chunks":[0,1,2,9],"assets":["styles.ffbc03d90f53b0179525.css","styles-89fd2ae28bdf06750a71.js","styles-89fd2ae28bdf06750a71.js.map","commons-dca15b3cf2bbe5b0fb80.js","commons-dca15b3cf2bbe5b0fb80.js.map","ab79e532f824d22d0c940839da02afd3887c2969-0b2d2b8bd95b469585cf.js","ab79e532f824d22d0c940839da02afd3887c2969-0b2d2b8bd95b469585cf.js.map","component---src-pages-404-tsx-77aeed4e260ceed540ba.js","component---src-pages-404-tsx-77aeed4e260ceed540ba.js.map"],"children":{},"childAssets":{}},"component---src-pages-about-us-tsx":{"chunks":[0,1,2,5,10],"assets":["styles.ffbc03d90f53b0179525.css","styles-89fd2ae28bdf06750a71.js","styles-89fd2ae28bdf06750a71.js.map","commons-dca15b3cf2bbe5b0fb80.js","commons-dca15b3cf2bbe5b0fb80.js.map","ab79e532f824d22d0c940839da02afd3887c2969-0b2d2b8bd95b469585cf.js","ab79e532f824d22d0c940839da02afd3887c2969-0b2d2b8bd95b469585cf.js.map","fa7729536edab314a07c0adeceb3c7e32f24fdc8-99ed307df72092f14a9f.js","fa7729536edab314a07c0adeceb3c7e32f24fdc8-99ed307df72092f14a9f.js.map","component---src-pages-about-us-tsx-0b8124e32bde64c52711.js","component---src-pages-about-us-tsx-0b8124e32bde64c52711.js.map"],"children":{},"childAssets":{}},"component---src-pages-admin-admin-layout-tsx":{"chunks":[0,1,11],"assets":["styles.ffbc03d90f53b0179525.css","styles-89fd2ae28bdf06750a71.js","styles-89fd2ae28bdf06750a71.js.map","commons-dca15b3cf2bbe5b0fb80.js","commons-dca15b3cf2bbe5b0fb80.js.map","component---src-pages-admin-admin-layout-tsx-2ca03ccf21182e25940e.js","component---src-pages-admin-admin-layout-tsx-2ca03ccf21182e25940e.js.map"],"children":{},"childAssets":{}},"component---src-pages-admin-careers-index-tsx":{"chunks":[0,1,12],"assets":["styles.ffbc03d90f53b0179525.css","styles-89fd2ae28bdf06750a71.js","styles-89fd2ae28bdf06750a71.js.map","commons-dca15b3cf2bbe5b0fb80.js","commons-dca15b3cf2bbe5b0fb80.js.map","component---src-pages-admin-careers-index-tsx-de7cb2a9e272fba19733.js","component---src-pages-admin-careers-index-tsx-de7cb2a9e272fba19733.js.map"],"children":{},"childAssets":{}},"component---src-pages-admin-courses-index-tsx":{"chunks":[0,1,13],"assets":["styles.ffbc03d90f53b0179525.css","styles-89fd2ae28bdf06750a71.js","styles-89fd2ae28bdf06750a71.js.map","commons-dca15b3cf2bbe5b0fb80.js","commons-dca15b3cf2bbe5b0fb80.js.map","component---src-pages-admin-courses-index-tsx-71f0e3dfa06d544d6503.js","component---src-pages-admin-courses-index-tsx-71f0e3dfa06d544d6503.js.map"],"children":{},"childAssets":{}},"component---src-pages-admin-downloads-index-tsx":{"chunks":[0,1,14],"assets":["styles.ffbc03d90f53b0179525.css","styles-89fd2ae28bdf06750a71.js","styles-89fd2ae28bdf06750a71.js.map","commons-dca15b3cf2bbe5b0fb80.js","commons-dca15b3cf2bbe5b0fb80.js.map","component---src-pages-admin-downloads-index-tsx-6475417f24bca35abc28.js","component---src-pages-admin-downloads-index-tsx-6475417f24bca35abc28.js.map"],"children":{},"childAssets":{}},"component---src-pages-admin-events-index-tsx":{"chunks":[0,1,15],"assets":["styles.ffbc03d90f53b0179525.css","styles-89fd2ae28bdf06750a71.js","styles-89fd2ae28bdf06750a71.js.map","commons-dca15b3cf2bbe5b0fb80.js","commons-dca15b3cf2bbe5b0fb80.js.map","component---src-pages-admin-events-index-tsx-d1597f10576620881f0b.js","component---src-pages-admin-events-index-tsx-d1597f10576620881f0b.js.map"],"children":{},"childAssets":{}},"component---src-pages-admin-index-tsx":{"chunks":[0,1,5,16],"assets":["styles.ffbc03d90f53b0179525.css","styles-89fd2ae28bdf06750a71.js","styles-89fd2ae28bdf06750a71.js.map","commons-dca15b3cf2bbe5b0fb80.js","commons-dca15b3cf2bbe5b0fb80.js.map","fa7729536edab314a07c0adeceb3c7e32f24fdc8-99ed307df72092f14a9f.js","fa7729536edab314a07c0adeceb3c7e32f24fdc8-99ed307df72092f14a9f.js.map","component---src-pages-admin-index-tsx-43fbac34013770875845.js","component---src-pages-admin-index-tsx-43fbac34013770875845.js.map"],"children":{},"childAssets":{}},"component---src-pages-admin-news-index-tsx":{"chunks":[0,1,17],"assets":["styles.ffbc03d90f53b0179525.css","styles-89fd2ae28bdf06750a71.js","styles-89fd2ae28bdf06750a71.js.map","commons-dca15b3cf2bbe5b0fb80.js","commons-dca15b3cf2bbe5b0fb80.js.map","component---src-pages-admin-news-index-tsx-30ab8697a00d193f1317.js","component---src-pages-admin-news-index-tsx-30ab8697a00d193f1317.js.map"],"children":{},"childAssets":{}},"component---src-pages-admin-notices-index-tsx":{"chunks":[0,1,18],"assets":["styles.ffbc03d90f53b0179525.css","styles-89fd2ae28bdf06750a71.js","styles-89fd2ae28bdf06750a71.js.map","commons-dca15b3cf2bbe5b0fb80.js","commons-dca15b3cf2bbe5b0fb80.js.map","component---src-pages-admin-notices-index-tsx-108bda13be544cffc636.js","component---src-pages-admin-notices-index-tsx-108bda13be544cffc636.js.map"],"children":{},"childAssets":{}},"component---src-pages-admissions-tsx":{"chunks":[0,1,2,19],"assets":["styles.ffbc03d90f53b0179525.css","styles-89fd2ae28bdf06750a71.js","styles-89fd2ae28bdf06750a71.js.map","commons-dca15b3cf2bbe5b0fb80.js","commons-dca15b3cf2bbe5b0fb80.js.map","ab79e532f824d22d0c940839da02afd3887c2969-0b2d2b8bd95b469585cf.js","ab79e532f824d22d0c940839da02afd3887c2969-0b2d2b8bd95b469585cf.js.map","component---src-pages-admissions-tsx-b681ba91aed9be7676b3.js","component---src-pages-admissions-tsx-b681ba91aed9be7676b3.js.map"],"children":{},"childAssets":{}},"component---src-pages-apply-online-tsx":{"chunks":[0,1,20],"assets":["styles.ffbc03d90f53b0179525.css","styles-89fd2ae28bdf06750a71.js","styles-89fd2ae28bdf06750a71.js.map","commons-dca15b3cf2bbe5b0fb80.js","commons-dca15b3cf2bbe5b0fb80.js.map","component---src-pages-apply-online-tsx-219ce7391ef42345edfc.js","component---src-pages-apply-online-tsx-219ce7391ef42345edfc.js.map"],"children":{},"childAssets":{}},"component---src-pages-campus-life-tsx":{"chunks":[0,1,2,3,6,21],"assets":["styles.ffbc03d90f53b0179525.css","styles-89fd2ae28bdf06750a71.js","styles-89fd2ae28bdf06750a71.js.map","commons-dca15b3cf2bbe5b0fb80.js","commons-dca15b3cf2bbe5b0fb80.js.map","ab79e532f824d22d0c940839da02afd3887c2969-0b2d2b8bd95b469585cf.js","ab79e532f824d22d0c940839da02afd3887c2969-0b2d2b8bd95b469585cf.js.map","cc37839489634ebf813d18d22b3cd8c307057165-ca5ee86b448270755457.js","cc37839489634ebf813d18d22b3cd8c307057165-ca5ee86b448270755457.js.map","component---src-pages-contact-us-tsx-7b7c877ca3dd765842c5.js","component---src-pages-contact-us-tsx-7b7c877ca3dd765842c5.js.map","component---src-pages-campus-life-tsx-22028a1cbf529dad033c.js","component---src-pages-campus-life-tsx-22028a1cbf529dad033c.js.map"],"children":{},"childAssets":{}},"component---src-pages-contact-us-tsx":{"chunks":[0,1,2,3,6],"assets":["styles.ffbc03d90f53b0179525.css","styles-89fd2ae28bdf06750a71.js","styles-89fd2ae28bdf06750a71.js.map","commons-dca15b3cf2bbe5b0fb80.js","commons-dca15b3cf2bbe5b0fb80.js.map","ab79e532f824d22d0c940839da02afd3887c2969-0b2d2b8bd95b469585cf.js","ab79e532f824d22d0c940839da02afd3887c2969-0b2d2b8bd95b469585cf.js.map","cc37839489634ebf813d18d22b3cd8c307057165-ca5ee86b448270755457.js","cc37839489634ebf813d18d22b3cd8c307057165-ca5ee86b448270755457.js.map","component---src-pages-contact-us-tsx-7b7c877ca3dd765842c5.js","component---src-pages-contact-us-tsx-7b7c877ca3dd765842c5.js.map"],"children":{},"childAssets":{}},"component---src-pages-content-tsx":{"chunks":[0,1,2,22],"assets":["styles.ffbc03d90f53b0179525.css","styles-89fd2ae28bdf06750a71.js","styles-89fd2ae28bdf06750a71.js.map","commons-dca15b3cf2bbe5b0fb80.js","commons-dca15b3cf2bbe5b0fb80.js.map","ab79e532f824d22d0c940839da02afd3887c2969-0b2d2b8bd95b469585cf.js","ab79e532f824d22d0c940839da02afd3887c2969-0b2d2b8bd95b469585cf.js.map","component---src-pages-content-tsx-16e9f9316a775f7741d6.js","component---src-pages-content-tsx-16e9f9316a775f7741d6.js.map"],"children":{},"childAssets":{}},"component---src-pages-course-description-tsx":{"chunks":[0,1,2,23],"assets":["styles.ffbc03d90f53b0179525.css","styles-89fd2ae28bdf06750a71.js","styles-89fd2ae28bdf06750a71.js.map","commons-dca15b3cf2bbe5b0fb80.js","commons-dca15b3cf2bbe5b0fb80.js.map","ab79e532f824d22d0c940839da02afd3887c2969-0b2d2b8bd95b469585cf.js","ab79e532f824d22d0c940839da02afd3887c2969-0b2d2b8bd95b469585cf.js.map","component---src-pages-course-description-tsx-e6d55c94205fbca862af.js","component---src-pages-course-description-tsx-e6d55c94205fbca862af.js.map"],"children":{},"childAssets":{}},"component---src-pages-courses-tsx":{"chunks":[0,1,2,4,24],"assets":["styles.ffbc03d90f53b0179525.css","styles-89fd2ae28bdf06750a71.js","styles-89fd2ae28bdf06750a71.js.map","commons-dca15b3cf2bbe5b0fb80.js","commons-dca15b3cf2bbe5b0fb80.js.map","ab79e532f824d22d0c940839da02afd3887c2969-0b2d2b8bd95b469585cf.js","ab79e532f824d22d0c940839da02afd3887c2969-0b2d2b8bd95b469585cf.js.map","component---src-pages-schools-tsx-42b5c72d6143ab94aa3c.js","component---src-pages-schools-tsx-42b5c72d6143ab94aa3c.js.map","component---src-pages-courses-tsx-d975c14f2eee079df973.js","component---src-pages-courses-tsx-d975c14f2eee079df973.js.map"],"children":{},"childAssets":{}},"component---src-pages-downloads-tsx":{"chunks":[0,1,2,25],"assets":["styles.ffbc03d90f53b0179525.css","styles-89fd2ae28bdf06750a71.js","styles-89fd2ae28bdf06750a71.js.map","commons-dca15b3cf2bbe5b0fb80.js","commons-dca15b3cf2bbe5b0fb80.js.map","ab79e532f824d22d0c940839da02afd3887c2969-0b2d2b8bd95b469585cf.js","ab79e532f824d22d0c940839da02afd3887c2969-0b2d2b8bd95b469585cf.js.map","component---src-pages-downloads-tsx-b77fda949e6a8f2efe64.js","component---src-pages-downloads-tsx-b77fda949e6a8f2efe64.js.map"],"children":{},"childAssets":{}},"component---src-pages-event-tsx":{"chunks":[0,1,26],"assets":["styles.ffbc03d90f53b0179525.css","styles-89fd2ae28bdf06750a71.js","styles-89fd2ae28bdf06750a71.js.map","commons-dca15b3cf2bbe5b0fb80.js","commons-dca15b3cf2bbe5b0fb80.js.map","component---src-pages-event-tsx-1f97f1d0441fce1a940f.js","component---src-pages-event-tsx-1f97f1d0441fce1a940f.js.map"],"children":{},"childAssets":{}},"component---src-pages-faqs-tsx":{"chunks":[0,1,2,27],"assets":["styles.ffbc03d90f53b0179525.css","styles-89fd2ae28bdf06750a71.js","styles-89fd2ae28bdf06750a71.js.map","commons-dca15b3cf2bbe5b0fb80.js","commons-dca15b3cf2bbe5b0fb80.js.map","ab79e532f824d22d0c940839da02afd3887c2969-0b2d2b8bd95b469585cf.js","ab79e532f824d22d0c940839da02afd3887c2969-0b2d2b8bd95b469585cf.js.map","component---src-pages-faqs-tsx-0931073d359c99df498f.js","component---src-pages-faqs-tsx-0931073d359c99df498f.js.map"],"children":{},"childAssets":{}},"component---src-pages-index-tsx":{"chunks":[0,1,2,5,4,28],"assets":["styles.ffbc03d90f53b0179525.css","styles-89fd2ae28bdf06750a71.js","styles-89fd2ae28bdf06750a71.js.map","commons-dca15b3cf2bbe5b0fb80.js","commons-dca15b3cf2bbe5b0fb80.js.map","ab79e532f824d22d0c940839da02afd3887c2969-0b2d2b8bd95b469585cf.js","ab79e532f824d22d0c940839da02afd3887c2969-0b2d2b8bd95b469585cf.js.map","fa7729536edab314a07c0adeceb3c7e32f24fdc8-99ed307df72092f14a9f.js","fa7729536edab314a07c0adeceb3c7e32f24fdc8-99ed307df72092f14a9f.js.map","component---src-pages-schools-tsx-42b5c72d6143ab94aa3c.js","component---src-pages-schools-tsx-42b5c72d6143ab94aa3c.js.map","component---src-pages-index-tsx-335189a84826137ef908.js","component---src-pages-index-tsx-335189a84826137ef908.js.map"],"children":{},"childAssets":{}},"component---src-pages-login-tsx":{"chunks":[0,1,2,3,29],"assets":["styles.ffbc03d90f53b0179525.css","styles-89fd2ae28bdf06750a71.js","styles-89fd2ae28bdf06750a71.js.map","commons-dca15b3cf2bbe5b0fb80.js","commons-dca15b3cf2bbe5b0fb80.js.map","ab79e532f824d22d0c940839da02afd3887c2969-0b2d2b8bd95b469585cf.js","ab79e532f824d22d0c940839da02afd3887c2969-0b2d2b8bd95b469585cf.js.map","cc37839489634ebf813d18d22b3cd8c307057165-ca5ee86b448270755457.js","cc37839489634ebf813d18d22b3cd8c307057165-ca5ee86b448270755457.js.map","component---src-pages-login-tsx-56e74b3a1cdee24e8690.js","component---src-pages-login-tsx-56e74b3a1cdee24e8690.js.map"],"children":{},"childAssets":{}},"component---src-pages-maintenance-tsx":{"chunks":[0,1,30],"assets":["styles.ffbc03d90f53b0179525.css","styles-89fd2ae28bdf06750a71.js","styles-89fd2ae28bdf06750a71.js.map","commons-dca15b3cf2bbe5b0fb80.js","commons-dca15b3cf2bbe5b0fb80.js.map","component---src-pages-maintenance-tsx-b0be4524ca0ed2020c32.js","component---src-pages-maintenance-tsx-b0be4524ca0ed2020c32.js.map"],"children":{},"childAssets":{}},"component---src-pages-notice-tsx":{"chunks":[0,1,31],"assets":["styles.ffbc03d90f53b0179525.css","styles-89fd2ae28bdf06750a71.js","styles-89fd2ae28bdf06750a71.js.map","commons-dca15b3cf2bbe5b0fb80.js","commons-dca15b3cf2bbe5b0fb80.js.map","component---src-pages-notice-tsx-a0a75aacb064f2d38b54.js","component---src-pages-notice-tsx-a0a75aacb064f2d38b54.js.map"],"children":{},"childAssets":{}},"component---src-pages-post-tsx":{"chunks":[0,1,32],"assets":["styles.ffbc03d90f53b0179525.css","styles-89fd2ae28bdf06750a71.js","styles-89fd2ae28bdf06750a71.js.map","commons-dca15b3cf2bbe5b0fb80.js","commons-dca15b3cf2bbe5b0fb80.js.map","component---src-pages-post-tsx-2f121c5155104d1e38a0.js","component---src-pages-post-tsx-2f121c5155104d1e38a0.js.map"],"children":{},"childAssets":{}},"component---src-pages-privacyandterms-tsx":{"chunks":[0,1,33],"assets":["styles.ffbc03d90f53b0179525.css","styles-89fd2ae28bdf06750a71.js","styles-89fd2ae28bdf06750a71.js.map","commons-dca15b3cf2bbe5b0fb80.js","commons-dca15b3cf2bbe5b0fb80.js.map","component---src-pages-privacyandterms-tsx-43f2c61d2b3fa528e0de.js","component---src-pages-privacyandterms-tsx-43f2c61d2b3fa528e0de.js.map"],"children":{},"childAssets":{}},"component---src-pages-research-and-development-tsx":{"chunks":[0,1,2,34],"assets":["styles.ffbc03d90f53b0179525.css","styles-89fd2ae28bdf06750a71.js","styles-89fd2ae28bdf06750a71.js.map","commons-dca15b3cf2bbe5b0fb80.js","commons-dca15b3cf2bbe5b0fb80.js.map","ab79e532f824d22d0c940839da02afd3887c2969-0b2d2b8bd95b469585cf.js","ab79e532f824d22d0c940839da02afd3887c2969-0b2d2b8bd95b469585cf.js.map","component---src-pages-research-and-development-tsx-475f5e82e7dfc2f1242d.js","component---src-pages-research-and-development-tsx-475f5e82e7dfc2f1242d.js.map"],"children":{},"childAssets":{}},"component---src-pages-schools-tsx":{"chunks":[0,1,4],"assets":["styles.ffbc03d90f53b0179525.css","styles-89fd2ae28bdf06750a71.js","styles-89fd2ae28bdf06750a71.js.map","commons-dca15b3cf2bbe5b0fb80.js","commons-dca15b3cf2bbe5b0fb80.js.map","component---src-pages-schools-tsx-42b5c72d6143ab94aa3c.js","component---src-pages-schools-tsx-42b5c72d6143ab94aa3c.js.map"],"children":{},"childAssets":{}},"component---src-pages-tenders-tsx":{"chunks":[0,1,2,35],"assets":["styles.ffbc03d90f53b0179525.css","styles-89fd2ae28bdf06750a71.js","styles-89fd2ae28bdf06750a71.js.map","commons-dca15b3cf2bbe5b0fb80.js","commons-dca15b3cf2bbe5b0fb80.js.map","ab79e532f824d22d0c940839da02afd3887c2969-0b2d2b8bd95b469585cf.js","ab79e532f824d22d0c940839da02afd3887c2969-0b2d2b8bd95b469585cf.js.map","component---src-pages-tenders-tsx-d04a4fcf7d4e57d74397.js","component---src-pages-tenders-tsx-d04a4fcf7d4e57d74397.js.map"],"children":{},"childAssets":{}},"component---src-pages-vacancies-tsx":{"chunks":[0,1,2,36],"assets":["styles.ffbc03d90f53b0179525.css","styles-89fd2ae28bdf06750a71.js","styles-89fd2ae28bdf06750a71.js.map","commons-dca15b3cf2bbe5b0fb80.js","commons-dca15b3cf2bbe5b0fb80.js.map","ab79e532f824d22d0c940839da02afd3887c2969-0b2d2b8bd95b469585cf.js","ab79e532f824d22d0c940839da02afd3887c2969-0b2d2b8bd95b469585cf.js.map","component---src-pages-vacancies-tsx-395971063390fc58f254.js","component---src-pages-vacancies-tsx-395971063390fc58f254.js.map"],"children":{},"childAssets":{}}},"assetsByChunkName":{"polyfill":["webpack-runtime-e3a819f9f43974a5e2d1.js","polyfill-9b0df77e61d28c6a0cba.js"],"app":["webpack-runtime-e3a819f9f43974a5e2d1.js","styles.ffbc03d90f53b0179525.css","styles-89fd2ae28bdf06750a71.js","framework-94319c46945c3dd78851.js","app-e167c9c27e42fc50145a.js"],"component---src-pages-404-tsx":["styles.ffbc03d90f53b0179525.css","styles-89fd2ae28bdf06750a71.js","commons-dca15b3cf2bbe5b0fb80.js","ab79e532f824d22d0c940839da02afd3887c2969-0b2d2b8bd95b469585cf.js","component---src-pages-404-tsx-77aeed4e260ceed540ba.js"],"component---src-pages-about-us-tsx":["styles.ffbc03d90f53b0179525.css","styles-89fd2ae28bdf06750a71.js","commons-dca15b3cf2bbe5b0fb80.js","ab79e532f824d22d0c940839da02afd3887c2969-0b2d2b8bd95b469585cf.js","fa7729536edab314a07c0adeceb3c7e32f24fdc8-99ed307df72092f14a9f.js","component---src-pages-about-us-tsx-0b8124e32bde64c52711.js"],"component---src-pages-admin-admin-layout-tsx":["styles.ffbc03d90f53b0179525.css","styles-89fd2ae28bdf06750a71.js","commons-dca15b3cf2bbe5b0fb80.js","component---src-pages-admin-admin-layout-tsx-2ca03ccf21182e25940e.js"],"component---src-pages-admin-careers-index-tsx":["styles.ffbc03d90f53b0179525.css","styles-89fd2ae28bdf06750a71.js","commons-dca15b3cf2bbe5b0fb80.js","component---src-pages-admin-careers-index-tsx-de7cb2a9e272fba19733.js"],"component---src-pages-admin-courses-index-tsx":["styles.ffbc03d90f53b0179525.css","styles-89fd2ae28bdf06750a71.js","commons-dca15b3cf2bbe5b0fb80.js","component---src-pages-admin-courses-index-tsx-71f0e3dfa06d544d6503.js"],"component---src-pages-admin-downloads-index-tsx":["styles.ffbc03d90f53b0179525.css","styles-89fd2ae28bdf06750a71.js","commons-dca15b3cf2bbe5b0fb80.js","component---src-pages-admin-downloads-index-tsx-6475417f24bca35abc28.js"],"component---src-pages-admin-events-index-tsx":["styles.ffbc03d90f53b0179525.css","styles-89fd2ae28bdf06750a71.js","commons-dca15b3cf2bbe5b0fb80.js","component---src-pages-admin-events-index-tsx-d1597f10576620881f0b.js"],"component---src-pages-admin-index-tsx":["styles.ffbc03d90f53b0179525.css","styles-89fd2ae28bdf06750a71.js","commons-dca15b3cf2bbe5b0fb80.js","fa7729536edab314a07c0adeceb3c7e32f24fdc8-99ed307df72092f14a9f.js","component---src-pages-admin-index-tsx-43fbac34013770875845.js"],"component---src-pages-admin-news-index-tsx":["styles.ffbc03d90f53b0179525.css","styles-89fd2ae28bdf06750a71.js","commons-dca15b3cf2bbe5b0fb80.js","component---src-pages-admin-news-index-tsx-30ab8697a00d193f1317.js"],"component---src-pages-admin-notices-index-tsx":["styles.ffbc03d90f53b0179525.css","styles-89fd2ae28bdf06750a71.js","commons-dca15b3cf2bbe5b0fb80.js","component---src-pages-admin-notices-index-tsx-108bda13be544cffc636.js"],"component---src-pages-admissions-tsx":["styles.ffbc03d90f53b0179525.css","styles-89fd2ae28bdf06750a71.js","commons-dca15b3cf2bbe5b0fb80.js","ab79e532f824d22d0c940839da02afd3887c2969-0b2d2b8bd95b469585cf.js","component---src-pages-admissions-tsx-b681ba91aed9be7676b3.js"],"component---src-pages-apply-online-tsx":["styles.ffbc03d90f53b0179525.css","styles-89fd2ae28bdf06750a71.js","commons-dca15b3cf2bbe5b0fb80.js","component---src-pages-apply-online-tsx-219ce7391ef42345edfc.js"],"component---src-pages-campus-life-tsx":["styles.ffbc03d90f53b0179525.css","styles-89fd2ae28bdf06750a71.js","commons-dca15b3cf2bbe5b0fb80.js","ab79e532f824d22d0c940839da02afd3887c2969-0b2d2b8bd95b469585cf.js","cc37839489634ebf813d18d22b3cd8c307057165-ca5ee86b448270755457.js","component---src-pages-contact-us-tsx-7b7c877ca3dd765842c5.js","component---src-pages-campus-life-tsx-22028a1cbf529dad033c.js"],"component---src-pages-contact-us-tsx":["styles.ffbc03d90f53b0179525.css","styles-89fd2ae28bdf06750a71.js","commons-dca15b3cf2bbe5b0fb80.js","ab79e532f824d22d0c940839da02afd3887c2969-0b2d2b8bd95b469585cf.js","cc37839489634ebf813d18d22b3cd8c307057165-ca5ee86b448270755457.js","component---src-pages-contact-us-tsx-7b7c877ca3dd765842c5.js"],"component---src-pages-content-tsx":["styles.ffbc03d90f53b0179525.css","styles-89fd2ae28bdf06750a71.js","commons-dca15b3cf2bbe5b0fb80.js","ab79e532f824d22d0c940839da02afd3887c2969-0b2d2b8bd95b469585cf.js","component---src-pages-content-tsx-16e9f9316a775f7741d6.js"],"component---src-pages-course-description-tsx":["styles.ffbc03d90f53b0179525.css","styles-89fd2ae28bdf06750a71.js","commons-dca15b3cf2bbe5b0fb80.js","ab79e532f824d22d0c940839da02afd3887c2969-0b2d2b8bd95b469585cf.js","component---src-pages-course-description-tsx-e6d55c94205fbca862af.js"],"component---src-pages-courses-tsx":["styles.ffbc03d90f53b0179525.css","styles-89fd2ae28bdf06750a71.js","commons-dca15b3cf2bbe5b0fb80.js","ab79e532f824d22d0c940839da02afd3887c2969-0b2d2b8bd95b469585cf.js","component---src-pages-schools-tsx-42b5c72d6143ab94aa3c.js","component---src-pages-courses-tsx-d975c14f2eee079df973.js"],"component---src-pages-downloads-tsx":["styles.ffbc03d90f53b0179525.css","styles-89fd2ae28bdf06750a71.js","commons-dca15b3cf2bbe5b0fb80.js","ab79e532f824d22d0c940839da02afd3887c2969-0b2d2b8bd95b469585cf.js","component---src-pages-downloads-tsx-b77fda949e6a8f2efe64.js"],"component---src-pages-event-tsx":["styles.ffbc03d90f53b0179525.css","styles-89fd2ae28bdf06750a71.js","commons-dca15b3cf2bbe5b0fb80.js","component---src-pages-event-tsx-1f97f1d0441fce1a940f.js"],"component---src-pages-faqs-tsx":["styles.ffbc03d90f53b0179525.css","styles-89fd2ae28bdf06750a71.js","commons-dca15b3cf2bbe5b0fb80.js","ab79e532f824d22d0c940839da02afd3887c2969-0b2d2b8bd95b469585cf.js","component---src-pages-faqs-tsx-0931073d359c99df498f.js"],"component---src-pages-index-tsx":["styles.ffbc03d90f53b0179525.css","styles-89fd2ae28bdf06750a71.js","commons-dca15b3cf2bbe5b0fb80.js","ab79e532f824d22d0c940839da02afd3887c2969-0b2d2b8bd95b469585cf.js","fa7729536edab314a07c0adeceb3c7e32f24fdc8-99ed307df72092f14a9f.js","component---src-pages-schools-tsx-42b5c72d6143ab94aa3c.js","component---src-pages-index-tsx-335189a84826137ef908.js"],"component---src-pages-login-tsx":["styles.ffbc03d90f53b0179525.css","styles-89fd2ae28bdf06750a71.js","commons-dca15b3cf2bbe5b0fb80.js","ab79e532f824d22d0c940839da02afd3887c2969-0b2d2b8bd95b469585cf.js","cc37839489634ebf813d18d22b3cd8c307057165-ca5ee86b448270755457.js","component---src-pages-login-tsx-56e74b3a1cdee24e8690.js"],"component---src-pages-maintenance-tsx":["styles.ffbc03d90f53b0179525.css","styles-89fd2ae28bdf06750a71.js","commons-dca15b3cf2bbe5b0fb80.js","component---src-pages-maintenance-tsx-b0be4524ca0ed2020c32.js"],"component---src-pages-notice-tsx":["styles.ffbc03d90f53b0179525.css","styles-89fd2ae28bdf06750a71.js","commons-dca15b3cf2bbe5b0fb80.js","component---src-pages-notice-tsx-a0a75aacb064f2d38b54.js"],"component---src-pages-post-tsx":["styles.ffbc03d90f53b0179525.css","styles-89fd2ae28bdf06750a71.js","commons-dca15b3cf2bbe5b0fb80.js","component---src-pages-post-tsx-2f121c5155104d1e38a0.js"],"component---src-pages-privacyandterms-tsx":["styles.ffbc03d90f53b0179525.css","styles-89fd2ae28bdf06750a71.js","commons-dca15b3cf2bbe5b0fb80.js","component---src-pages-privacyandterms-tsx-43f2c61d2b3fa528e0de.js"],"component---src-pages-research-and-development-tsx":["styles.ffbc03d90f53b0179525.css","styles-89fd2ae28bdf06750a71.js","commons-dca15b3cf2bbe5b0fb80.js","ab79e532f824d22d0c940839da02afd3887c2969-0b2d2b8bd95b469585cf.js","component---src-pages-research-and-development-tsx-475f5e82e7dfc2f1242d.js"],"component---src-pages-schools-tsx":["styles.ffbc03d90f53b0179525.css","styles-89fd2ae28bdf06750a71.js","commons-dca15b3cf2bbe5b0fb80.js","component---src-pages-schools-tsx-42b5c72d6143ab94aa3c.js"],"component---src-pages-tenders-tsx":["styles.ffbc03d90f53b0179525.css","styles-89fd2ae28bdf06750a71.js","commons-dca15b3cf2bbe5b0fb80.js","ab79e532f824d22d0c940839da02afd3887c2969-0b2d2b8bd95b469585cf.js","component---src-pages-tenders-tsx-d04a4fcf7d4e57d74397.js"],"component---src-pages-vacancies-tsx":["styles.ffbc03d90f53b0179525.css","styles-89fd2ae28bdf06750a71.js","commons-dca15b3cf2bbe5b0fb80.js","ab79e532f824d22d0c940839da02afd3887c2969-0b2d2b8bd95b469585cf.js","component---src-pages-vacancies-tsx-395971063390fc58f254.js"]}}