{"errors":[],"warnings":[],"namedChunkGroups":{"polyfill":{"chunks":[10,44],"assets":["webpack-runtime-197bdd57bb7eb2d683ea.js","webpack-runtime-197bdd57bb7eb2d683ea.js.map","polyfill-02f9075c75ef6da75512.js","polyfill-02f9075c75ef6da75512.js.map"],"children":{},"childAssets":{}},"app":{"chunks":[10,0,43,11],"assets":["webpack-runtime-197bdd57bb7eb2d683ea.js","webpack-runtime-197bdd57bb7eb2d683ea.js.map","styles.612576946175bb8f3f4d.css","styles-89fd2ae28bdf06750a71.js","styles-89fd2ae28bdf06750a71.js.map","framework-518de374d288010dc61b.js","framework-518de374d288010dc61b.js.map","app-8842824cdc10e9eca9ae.js","app-8842824cdc10e9eca9ae.js.map"],"children":{},"childAssets":{}},"component---src-pages-404-tsx":{"chunks":[0,1,2,12],"assets":["styles.612576946175bb8f3f4d.css","styles-89fd2ae28bdf06750a71.js","styles-89fd2ae28bdf06750a71.js.map","commons-c41406113bda07e0acf4.js","commons-c41406113bda07e0acf4.js.map","27c3419ff04567782ca93d42f686386092587a57-0b2d2b8bd95b469585cf.js","27c3419ff04567782ca93d42f686386092587a57-0b2d2b8bd95b469585cf.js.map","component---src-pages-404-tsx-65c80590fba00a14dc61.js","component---src-pages-404-tsx-65c80590fba00a14dc61.js.map"],"children":{},"childAssets":{}},"component---src-pages-about-us-tsx":{"chunks":[0,1,2,9,13],"assets":["styles.612576946175bb8f3f4d.css","styles-89fd2ae28bdf06750a71.js","styles-89fd2ae28bdf06750a71.js.map","commons-c41406113bda07e0acf4.js","commons-c41406113bda07e0acf4.js.map","27c3419ff04567782ca93d42f686386092587a57-0b2d2b8bd95b469585cf.js","27c3419ff04567782ca93d42f686386092587a57-0b2d2b8bd95b469585cf.js.map","d4bba0e56524b98c7438ba84a7dae7c0b050da0f-7f494c6cf17f83b74a4a.js","d4bba0e56524b98c7438ba84a7dae7c0b050da0f-7f494c6cf17f83b74a4a.js.map","component---src-pages-about-us-tsx-1af7e67cf8c4d11ce5b8.js","component---src-pages-about-us-tsx-1af7e67cf8c4d11ce5b8.js.map"],"children":{},"childAssets":{}},"component---src-pages-admin-admin-layout-tsx":{"chunks":[0,1,3,4,5,6],"assets":["styles.612576946175bb8f3f4d.css","styles-89fd2ae28bdf06750a71.js","styles-89fd2ae28bdf06750a71.js.map","commons-c41406113bda07e0acf4.js","commons-c41406113bda07e0acf4.js.map","ecda1aeeab41d919d3a4c854ddb1851ea37641bb-abf1560e537bd24e103c.js","ecda1aeeab41d919d3a4c854ddb1851ea37641bb-abf1560e537bd24e103c.js.map","5aa791922fc360b0999083fe79a3b7c4a6eb2a6a-9296047def5b5a5c25f8.js","5aa791922fc360b0999083fe79a3b7c4a6eb2a6a-9296047def5b5a5c25f8.js.map","943187c28ead74a55d7b8bab7fcddc90131c0dea-85546ee65aacee587dec.js","943187c28ead74a55d7b8bab7fcddc90131c0dea-85546ee65aacee587dec.js.map","component---src-pages-admin-admin-layout-tsx-0bcd4aeb3f8265ae1f7e.js","component---src-pages-admin-admin-layout-tsx-0bcd4aeb3f8265ae1f7e.js.map"],"children":{},"childAssets":{}},"component---src-pages-admin-careers-index-tsx":{"chunks":[0,1,3,4,5,6,14],"assets":["styles.612576946175bb8f3f4d.css","styles-89fd2ae28bdf06750a71.js","styles-89fd2ae28bdf06750a71.js.map","commons-c41406113bda07e0acf4.js","commons-c41406113bda07e0acf4.js.map","ecda1aeeab41d919d3a4c854ddb1851ea37641bb-abf1560e537bd24e103c.js","ecda1aeeab41d919d3a4c854ddb1851ea37641bb-abf1560e537bd24e103c.js.map","5aa791922fc360b0999083fe79a3b7c4a6eb2a6a-9296047def5b5a5c25f8.js","5aa791922fc360b0999083fe79a3b7c4a6eb2a6a-9296047def5b5a5c25f8.js.map","943187c28ead74a55d7b8bab7fcddc90131c0dea-85546ee65aacee587dec.js","943187c28ead74a55d7b8bab7fcddc90131c0dea-85546ee65aacee587dec.js.map","component---src-pages-admin-admin-layout-tsx-0bcd4aeb3f8265ae1f7e.js","component---src-pages-admin-admin-layout-tsx-0bcd4aeb3f8265ae1f7e.js.map","component---src-pages-admin-careers-index-tsx-8052270d493856ea0f35.js","component---src-pages-admin-careers-index-tsx-8052270d493856ea0f35.js.map"],"children":{},"childAssets":{}},"component---src-pages-admin-courses-courses-tsx":{"chunks":[0,1,3,4,5,6,15],"assets":["styles.612576946175bb8f3f4d.css","styles-89fd2ae28bdf06750a71.js","styles-89fd2ae28bdf06750a71.js.map","commons-c41406113bda07e0acf4.js","commons-c41406113bda07e0acf4.js.map","ecda1aeeab41d919d3a4c854ddb1851ea37641bb-abf1560e537bd24e103c.js","ecda1aeeab41d919d3a4c854ddb1851ea37641bb-abf1560e537bd24e103c.js.map","5aa791922fc360b0999083fe79a3b7c4a6eb2a6a-9296047def5b5a5c25f8.js","5aa791922fc360b0999083fe79a3b7c4a6eb2a6a-9296047def5b5a5c25f8.js.map","943187c28ead74a55d7b8bab7fcddc90131c0dea-85546ee65aacee587dec.js","943187c28ead74a55d7b8bab7fcddc90131c0dea-85546ee65aacee587dec.js.map","component---src-pages-admin-admin-layout-tsx-0bcd4aeb3f8265ae1f7e.js","component---src-pages-admin-admin-layout-tsx-0bcd4aeb3f8265ae1f7e.js.map","component---src-pages-admin-courses-courses-tsx-d096a91467d72c20ae76.js","component---src-pages-admin-courses-courses-tsx-d096a91467d72c20ae76.js.map"],"children":{},"childAssets":{}},"component---src-pages-admin-courses-index-tsx":{"chunks":[0,1,2,3,4,5,6,7,16],"assets":["styles.612576946175bb8f3f4d.css","styles-89fd2ae28bdf06750a71.js","styles-89fd2ae28bdf06750a71.js.map","commons-c41406113bda07e0acf4.js","commons-c41406113bda07e0acf4.js.map","27c3419ff04567782ca93d42f686386092587a57-0b2d2b8bd95b469585cf.js","27c3419ff04567782ca93d42f686386092587a57-0b2d2b8bd95b469585cf.js.map","ecda1aeeab41d919d3a4c854ddb1851ea37641bb-abf1560e537bd24e103c.js","ecda1aeeab41d919d3a4c854ddb1851ea37641bb-abf1560e537bd24e103c.js.map","5aa791922fc360b0999083fe79a3b7c4a6eb2a6a-9296047def5b5a5c25f8.js","5aa791922fc360b0999083fe79a3b7c4a6eb2a6a-9296047def5b5a5c25f8.js.map","943187c28ead74a55d7b8bab7fcddc90131c0dea-85546ee65aacee587dec.js","943187c28ead74a55d7b8bab7fcddc90131c0dea-85546ee65aacee587dec.js.map","component---src-pages-admin-admin-layout-tsx-0bcd4aeb3f8265ae1f7e.js","component---src-pages-admin-admin-layout-tsx-0bcd4aeb3f8265ae1f7e.js.map","component---src-pages-contact-us-tsx-9cef255532c3a4c75093.js","component---src-pages-contact-us-tsx-9cef255532c3a4c75093.js.map","component---src-pages-admin-courses-index-tsx-adca3233a5daad992427.js","component---src-pages-admin-courses-index-tsx-adca3233a5daad992427.js.map"],"children":{},"childAssets":{}},"component---src-pages-admin-downloads-index-tsx":{"chunks":[0,1,3,4,5,6,17],"assets":["styles.612576946175bb8f3f4d.css","styles-89fd2ae28bdf06750a71.js","styles-89fd2ae28bdf06750a71.js.map","commons-c41406113bda07e0acf4.js","commons-c41406113bda07e0acf4.js.map","ecda1aeeab41d919d3a4c854ddb1851ea37641bb-abf1560e537bd24e103c.js","ecda1aeeab41d919d3a4c854ddb1851ea37641bb-abf1560e537bd24e103c.js.map","5aa791922fc360b0999083fe79a3b7c4a6eb2a6a-9296047def5b5a5c25f8.js","5aa791922fc360b0999083fe79a3b7c4a6eb2a6a-9296047def5b5a5c25f8.js.map","943187c28ead74a55d7b8bab7fcddc90131c0dea-85546ee65aacee587dec.js","943187c28ead74a55d7b8bab7fcddc90131c0dea-85546ee65aacee587dec.js.map","component---src-pages-admin-admin-layout-tsx-0bcd4aeb3f8265ae1f7e.js","component---src-pages-admin-admin-layout-tsx-0bcd4aeb3f8265ae1f7e.js.map","component---src-pages-admin-downloads-index-tsx-b873b0612ea28681ac27.js","component---src-pages-admin-downloads-index-tsx-b873b0612ea28681ac27.js.map"],"children":{},"childAssets":{}},"component---src-pages-admin-events-index-tsx":{"chunks":[0,1,3,4,5,6,18],"assets":["styles.612576946175bb8f3f4d.css","styles-89fd2ae28bdf06750a71.js","styles-89fd2ae28bdf06750a71.js.map","commons-c41406113bda07e0acf4.js","commons-c41406113bda07e0acf4.js.map","ecda1aeeab41d919d3a4c854ddb1851ea37641bb-abf1560e537bd24e103c.js","ecda1aeeab41d919d3a4c854ddb1851ea37641bb-abf1560e537bd24e103c.js.map","5aa791922fc360b0999083fe79a3b7c4a6eb2a6a-9296047def5b5a5c25f8.js","5aa791922fc360b0999083fe79a3b7c4a6eb2a6a-9296047def5b5a5c25f8.js.map","943187c28ead74a55d7b8bab7fcddc90131c0dea-85546ee65aacee587dec.js","943187c28ead74a55d7b8bab7fcddc90131c0dea-85546ee65aacee587dec.js.map","component---src-pages-admin-admin-layout-tsx-0bcd4aeb3f8265ae1f7e.js","component---src-pages-admin-admin-layout-tsx-0bcd4aeb3f8265ae1f7e.js.map","component---src-pages-admin-events-index-tsx-10d750c8ef6d98f7ae97.js","component---src-pages-admin-events-index-tsx-10d750c8ef6d98f7ae97.js.map"],"children":{},"childAssets":{}},"component---src-pages-admin-index-tsx":{"chunks":[0,1,3,4,5,6,19],"assets":["styles.612576946175bb8f3f4d.css","styles-89fd2ae28bdf06750a71.js","styles-89fd2ae28bdf06750a71.js.map","commons-c41406113bda07e0acf4.js","commons-c41406113bda07e0acf4.js.map","ecda1aeeab41d919d3a4c854ddb1851ea37641bb-abf1560e537bd24e103c.js","ecda1aeeab41d919d3a4c854ddb1851ea37641bb-abf1560e537bd24e103c.js.map","5aa791922fc360b0999083fe79a3b7c4a6eb2a6a-9296047def5b5a5c25f8.js","5aa791922fc360b0999083fe79a3b7c4a6eb2a6a-9296047def5b5a5c25f8.js.map","943187c28ead74a55d7b8bab7fcddc90131c0dea-85546ee65aacee587dec.js","943187c28ead74a55d7b8bab7fcddc90131c0dea-85546ee65aacee587dec.js.map","component---src-pages-admin-admin-layout-tsx-0bcd4aeb3f8265ae1f7e.js","component---src-pages-admin-admin-layout-tsx-0bcd4aeb3f8265ae1f7e.js.map","component---src-pages-admin-index-tsx-3607eca5bf08fd6cee0f.js","component---src-pages-admin-index-tsx-3607eca5bf08fd6cee0f.js.map"],"children":{},"childAssets":{}},"component---src-pages-admin-login-tsx":{"chunks":[0,1,5,20],"assets":["styles.612576946175bb8f3f4d.css","styles-89fd2ae28bdf06750a71.js","styles-89fd2ae28bdf06750a71.js.map","commons-c41406113bda07e0acf4.js","commons-c41406113bda07e0acf4.js.map","943187c28ead74a55d7b8bab7fcddc90131c0dea-85546ee65aacee587dec.js","943187c28ead74a55d7b8bab7fcddc90131c0dea-85546ee65aacee587dec.js.map","component---src-pages-admin-login-tsx-a38054aa4e7acc42c82f.js","component---src-pages-admin-login-tsx-a38054aa4e7acc42c82f.js.map"],"children":{},"childAssets":{}},"component---src-pages-admin-news-index-tsx":{"chunks":[0,1,2,3,4,5,6,7,21],"assets":["styles.612576946175bb8f3f4d.css","styles-89fd2ae28bdf06750a71.js","styles-89fd2ae28bdf06750a71.js.map","commons-c41406113bda07e0acf4.js","commons-c41406113bda07e0acf4.js.map","27c3419ff04567782ca93d42f686386092587a57-0b2d2b8bd95b469585cf.js","27c3419ff04567782ca93d42f686386092587a57-0b2d2b8bd95b469585cf.js.map","ecda1aeeab41d919d3a4c854ddb1851ea37641bb-abf1560e537bd24e103c.js","ecda1aeeab41d919d3a4c854ddb1851ea37641bb-abf1560e537bd24e103c.js.map","5aa791922fc360b0999083fe79a3b7c4a6eb2a6a-9296047def5b5a5c25f8.js","5aa791922fc360b0999083fe79a3b7c4a6eb2a6a-9296047def5b5a5c25f8.js.map","943187c28ead74a55d7b8bab7fcddc90131c0dea-85546ee65aacee587dec.js","943187c28ead74a55d7b8bab7fcddc90131c0dea-85546ee65aacee587dec.js.map","component---src-pages-admin-admin-layout-tsx-0bcd4aeb3f8265ae1f7e.js","component---src-pages-admin-admin-layout-tsx-0bcd4aeb3f8265ae1f7e.js.map","component---src-pages-contact-us-tsx-9cef255532c3a4c75093.js","component---src-pages-contact-us-tsx-9cef255532c3a4c75093.js.map","component---src-pages-admin-news-index-tsx-70bfc92afb4c89a2badf.js","component---src-pages-admin-news-index-tsx-70bfc92afb4c89a2badf.js.map"],"children":{},"childAssets":{}},"component---src-pages-admin-notices-index-tsx":{"chunks":[0,1,2,3,4,5,6,7,22],"assets":["styles.612576946175bb8f3f4d.css","styles-89fd2ae28bdf06750a71.js","styles-89fd2ae28bdf06750a71.js.map","commons-c41406113bda07e0acf4.js","commons-c41406113bda07e0acf4.js.map","27c3419ff04567782ca93d42f686386092587a57-0b2d2b8bd95b469585cf.js","27c3419ff04567782ca93d42f686386092587a57-0b2d2b8bd95b469585cf.js.map","ecda1aeeab41d919d3a4c854ddb1851ea37641bb-abf1560e537bd24e103c.js","ecda1aeeab41d919d3a4c854ddb1851ea37641bb-abf1560e537bd24e103c.js.map","5aa791922fc360b0999083fe79a3b7c4a6eb2a6a-9296047def5b5a5c25f8.js","5aa791922fc360b0999083fe79a3b7c4a6eb2a6a-9296047def5b5a5c25f8.js.map","943187c28ead74a55d7b8bab7fcddc90131c0dea-85546ee65aacee587dec.js","943187c28ead74a55d7b8bab7fcddc90131c0dea-85546ee65aacee587dec.js.map","component---src-pages-admin-admin-layout-tsx-0bcd4aeb3f8265ae1f7e.js","component---src-pages-admin-admin-layout-tsx-0bcd4aeb3f8265ae1f7e.js.map","component---src-pages-contact-us-tsx-9cef255532c3a4c75093.js","component---src-pages-contact-us-tsx-9cef255532c3a4c75093.js.map","component---src-pages-admin-notices-index-tsx-0355d3fd80854afdd8bb.js","component---src-pages-admin-notices-index-tsx-0355d3fd80854afdd8bb.js.map"],"children":{},"childAssets":{}},"component---src-pages-admin-tenders-index-tsx":{"chunks":[0,1,3,4,5,6,23],"assets":["styles.612576946175bb8f3f4d.css","styles-89fd2ae28bdf06750a71.js","styles-89fd2ae28bdf06750a71.js.map","commons-c41406113bda07e0acf4.js","commons-c41406113bda07e0acf4.js.map","ecda1aeeab41d919d3a4c854ddb1851ea37641bb-abf1560e537bd24e103c.js","ecda1aeeab41d919d3a4c854ddb1851ea37641bb-abf1560e537bd24e103c.js.map","5aa791922fc360b0999083fe79a3b7c4a6eb2a6a-9296047def5b5a5c25f8.js","5aa791922fc360b0999083fe79a3b7c4a6eb2a6a-9296047def5b5a5c25f8.js.map","943187c28ead74a55d7b8bab7fcddc90131c0dea-85546ee65aacee587dec.js","943187c28ead74a55d7b8bab7fcddc90131c0dea-85546ee65aacee587dec.js.map","component---src-pages-admin-admin-layout-tsx-0bcd4aeb3f8265ae1f7e.js","component---src-pages-admin-admin-layout-tsx-0bcd4aeb3f8265ae1f7e.js.map","component---src-pages-admin-tenders-index-tsx-e1086c56e41a3bb8816f.js","component---src-pages-admin-tenders-index-tsx-e1086c56e41a3bb8816f.js.map"],"children":{},"childAssets":{}},"component---src-pages-admin-website-forms-index-tsx":{"chunks":[0,1,3,4,5,6,24],"assets":["styles.612576946175bb8f3f4d.css","styles-89fd2ae28bdf06750a71.js","styles-89fd2ae28bdf06750a71.js.map","commons-c41406113bda07e0acf4.js","commons-c41406113bda07e0acf4.js.map","ecda1aeeab41d919d3a4c854ddb1851ea37641bb-abf1560e537bd24e103c.js","ecda1aeeab41d919d3a4c854ddb1851ea37641bb-abf1560e537bd24e103c.js.map","5aa791922fc360b0999083fe79a3b7c4a6eb2a6a-9296047def5b5a5c25f8.js","5aa791922fc360b0999083fe79a3b7c4a6eb2a6a-9296047def5b5a5c25f8.js.map","943187c28ead74a55d7b8bab7fcddc90131c0dea-85546ee65aacee587dec.js","943187c28ead74a55d7b8bab7fcddc90131c0dea-85546ee65aacee587dec.js.map","component---src-pages-admin-admin-layout-tsx-0bcd4aeb3f8265ae1f7e.js","component---src-pages-admin-admin-layout-tsx-0bcd4aeb3f8265ae1f7e.js.map","component---src-pages-admin-website-forms-index-tsx-e77b1a18b8b7b5fcf6dc.js","component---src-pages-admin-website-forms-index-tsx-e77b1a18b8b7b5fcf6dc.js.map"],"children":{},"childAssets":{}},"component---src-pages-admissions-tsx":{"chunks":[0,1,2,25],"assets":["styles.612576946175bb8f3f4d.css","styles-89fd2ae28bdf06750a71.js","styles-89fd2ae28bdf06750a71.js.map","commons-c41406113bda07e0acf4.js","commons-c41406113bda07e0acf4.js.map","27c3419ff04567782ca93d42f686386092587a57-0b2d2b8bd95b469585cf.js","27c3419ff04567782ca93d42f686386092587a57-0b2d2b8bd95b469585cf.js.map","component---src-pages-admissions-tsx-b56cff0ef5a3ee3c155c.js","component---src-pages-admissions-tsx-b56cff0ef5a3ee3c155c.js.map"],"children":{},"childAssets":{}},"component---src-pages-apply-online-tsx":{"chunks":[0,1,26],"assets":["styles.612576946175bb8f3f4d.css","styles-89fd2ae28bdf06750a71.js","styles-89fd2ae28bdf06750a71.js.map","commons-c41406113bda07e0acf4.js","commons-c41406113bda07e0acf4.js.map","component---src-pages-apply-online-tsx-93a4857980974712d945.js","component---src-pages-apply-online-tsx-93a4857980974712d945.js.map"],"children":{},"childAssets":{}},"component---src-pages-campus-life-tsx":{"chunks":[0,1,2,3,4,7,27],"assets":["styles.612576946175bb8f3f4d.css","styles-89fd2ae28bdf06750a71.js","styles-89fd2ae28bdf06750a71.js.map","commons-c41406113bda07e0acf4.js","commons-c41406113bda07e0acf4.js.map","27c3419ff04567782ca93d42f686386092587a57-0b2d2b8bd95b469585cf.js","27c3419ff04567782ca93d42f686386092587a57-0b2d2b8bd95b469585cf.js.map","ecda1aeeab41d919d3a4c854ddb1851ea37641bb-abf1560e537bd24e103c.js","ecda1aeeab41d919d3a4c854ddb1851ea37641bb-abf1560e537bd24e103c.js.map","5aa791922fc360b0999083fe79a3b7c4a6eb2a6a-9296047def5b5a5c25f8.js","5aa791922fc360b0999083fe79a3b7c4a6eb2a6a-9296047def5b5a5c25f8.js.map","component---src-pages-contact-us-tsx-9cef255532c3a4c75093.js","component---src-pages-contact-us-tsx-9cef255532c3a4c75093.js.map","component---src-pages-campus-life-tsx-105eb20024ac34bcf647.js","component---src-pages-campus-life-tsx-105eb20024ac34bcf647.js.map"],"children":{},"childAssets":{}},"component---src-pages-contact-us-tsx":{"chunks":[0,1,2,3,4,7],"assets":["styles.612576946175bb8f3f4d.css","styles-89fd2ae28bdf06750a71.js","styles-89fd2ae28bdf06750a71.js.map","commons-c41406113bda07e0acf4.js","commons-c41406113bda07e0acf4.js.map","27c3419ff04567782ca93d42f686386092587a57-0b2d2b8bd95b469585cf.js","27c3419ff04567782ca93d42f686386092587a57-0b2d2b8bd95b469585cf.js.map","ecda1aeeab41d919d3a4c854ddb1851ea37641bb-abf1560e537bd24e103c.js","ecda1aeeab41d919d3a4c854ddb1851ea37641bb-abf1560e537bd24e103c.js.map","5aa791922fc360b0999083fe79a3b7c4a6eb2a6a-9296047def5b5a5c25f8.js","5aa791922fc360b0999083fe79a3b7c4a6eb2a6a-9296047def5b5a5c25f8.js.map","component---src-pages-contact-us-tsx-9cef255532c3a4c75093.js","component---src-pages-contact-us-tsx-9cef255532c3a4c75093.js.map"],"children":{},"childAssets":{}},"component---src-pages-content-tsx":{"chunks":[0,1,2,28],"assets":["styles.612576946175bb8f3f4d.css","styles-89fd2ae28bdf06750a71.js","styles-89fd2ae28bdf06750a71.js.map","commons-c41406113bda07e0acf4.js","commons-c41406113bda07e0acf4.js.map","27c3419ff04567782ca93d42f686386092587a57-0b2d2b8bd95b469585cf.js","27c3419ff04567782ca93d42f686386092587a57-0b2d2b8bd95b469585cf.js.map","component---src-pages-content-tsx-8f50ef6168708b49270a.js","component---src-pages-content-tsx-8f50ef6168708b49270a.js.map"],"children":{},"childAssets":{}},"component---src-pages-course-description-tsx":{"chunks":[0,1,2,29],"assets":["styles.612576946175bb8f3f4d.css","styles-89fd2ae28bdf06750a71.js","styles-89fd2ae28bdf06750a71.js.map","commons-c41406113bda07e0acf4.js","commons-c41406113bda07e0acf4.js.map","27c3419ff04567782ca93d42f686386092587a57-0b2d2b8bd95b469585cf.js","27c3419ff04567782ca93d42f686386092587a57-0b2d2b8bd95b469585cf.js.map","component---src-pages-course-description-tsx-1a8f176fdd648a829e97.js","component---src-pages-course-description-tsx-1a8f176fdd648a829e97.js.map"],"children":{},"childAssets":{}},"component---src-pages-courses-tsx":{"chunks":[0,1,2,8,30],"assets":["styles.612576946175bb8f3f4d.css","styles-89fd2ae28bdf06750a71.js","styles-89fd2ae28bdf06750a71.js.map","commons-c41406113bda07e0acf4.js","commons-c41406113bda07e0acf4.js.map","27c3419ff04567782ca93d42f686386092587a57-0b2d2b8bd95b469585cf.js","27c3419ff04567782ca93d42f686386092587a57-0b2d2b8bd95b469585cf.js.map","component---src-pages-schools-tsx-bd567b329691277094ca.js","component---src-pages-schools-tsx-bd567b329691277094ca.js.map","component---src-pages-courses-tsx-232612b4871e1f659065.js","component---src-pages-courses-tsx-232612b4871e1f659065.js.map"],"children":{},"childAssets":{}},"component---src-pages-downloads-tsx":{"chunks":[0,1,2,31],"assets":["styles.612576946175bb8f3f4d.css","styles-89fd2ae28bdf06750a71.js","styles-89fd2ae28bdf06750a71.js.map","commons-c41406113bda07e0acf4.js","commons-c41406113bda07e0acf4.js.map","27c3419ff04567782ca93d42f686386092587a57-0b2d2b8bd95b469585cf.js","27c3419ff04567782ca93d42f686386092587a57-0b2d2b8bd95b469585cf.js.map","component---src-pages-downloads-tsx-9fc1e4ecb44a1b52113e.js","component---src-pages-downloads-tsx-9fc1e4ecb44a1b52113e.js.map"],"children":{},"childAssets":{}},"component---src-pages-events-tsx":{"chunks":[0,1,32],"assets":["styles.612576946175bb8f3f4d.css","styles-89fd2ae28bdf06750a71.js","styles-89fd2ae28bdf06750a71.js.map","commons-c41406113bda07e0acf4.js","commons-c41406113bda07e0acf4.js.map","component---src-pages-events-tsx-bfd081574d9fd4f74471.js","component---src-pages-events-tsx-bfd081574d9fd4f74471.js.map"],"children":{},"childAssets":{}},"component---src-pages-faqs-tsx":{"chunks":[0,1,2,33],"assets":["styles.612576946175bb8f3f4d.css","styles-89fd2ae28bdf06750a71.js","styles-89fd2ae28bdf06750a71.js.map","commons-c41406113bda07e0acf4.js","commons-c41406113bda07e0acf4.js.map","27c3419ff04567782ca93d42f686386092587a57-0b2d2b8bd95b469585cf.js","27c3419ff04567782ca93d42f686386092587a57-0b2d2b8bd95b469585cf.js.map","component---src-pages-faqs-tsx-468854fb88cdafc5e58f.js","component---src-pages-faqs-tsx-468854fb88cdafc5e58f.js.map"],"children":{},"childAssets":{}},"component---src-pages-index-tsx":{"chunks":[0,1,2,8,9,34],"assets":["styles.612576946175bb8f3f4d.css","styles-89fd2ae28bdf06750a71.js","styles-89fd2ae28bdf06750a71.js.map","commons-c41406113bda07e0acf4.js","commons-c41406113bda07e0acf4.js.map","27c3419ff04567782ca93d42f686386092587a57-0b2d2b8bd95b469585cf.js","27c3419ff04567782ca93d42f686386092587a57-0b2d2b8bd95b469585cf.js.map","component---src-pages-schools-tsx-bd567b329691277094ca.js","component---src-pages-schools-tsx-bd567b329691277094ca.js.map","d4bba0e56524b98c7438ba84a7dae7c0b050da0f-7f494c6cf17f83b74a4a.js","d4bba0e56524b98c7438ba84a7dae7c0b050da0f-7f494c6cf17f83b74a4a.js.map","component---src-pages-index-tsx-f84cd73144e88b08438e.js","component---src-pages-index-tsx-f84cd73144e88b08438e.js.map"],"children":{},"childAssets":{}},"component---src-pages-login-tsx":{"chunks":[0,1,2,3,5,35],"assets":["styles.612576946175bb8f3f4d.css","styles-89fd2ae28bdf06750a71.js","styles-89fd2ae28bdf06750a71.js.map","commons-c41406113bda07e0acf4.js","commons-c41406113bda07e0acf4.js.map","27c3419ff04567782ca93d42f686386092587a57-0b2d2b8bd95b469585cf.js","27c3419ff04567782ca93d42f686386092587a57-0b2d2b8bd95b469585cf.js.map","ecda1aeeab41d919d3a4c854ddb1851ea37641bb-abf1560e537bd24e103c.js","ecda1aeeab41d919d3a4c854ddb1851ea37641bb-abf1560e537bd24e103c.js.map","943187c28ead74a55d7b8bab7fcddc90131c0dea-85546ee65aacee587dec.js","943187c28ead74a55d7b8bab7fcddc90131c0dea-85546ee65aacee587dec.js.map","component---src-pages-login-tsx-0d9c66bef39a176af426.js","component---src-pages-login-tsx-0d9c66bef39a176af426.js.map"],"children":{},"childAssets":{}},"component---src-pages-maintenance-tsx":{"chunks":[0,1,36],"assets":["styles.612576946175bb8f3f4d.css","styles-89fd2ae28bdf06750a71.js","styles-89fd2ae28bdf06750a71.js.map","commons-c41406113bda07e0acf4.js","commons-c41406113bda07e0acf4.js.map","component---src-pages-maintenance-tsx-dfe415e52c3fbe8131ff.js","component---src-pages-maintenance-tsx-dfe415e52c3fbe8131ff.js.map"],"children":{},"childAssets":{}},"component---src-pages-notice-tsx":{"chunks":[0,1,37],"assets":["styles.612576946175bb8f3f4d.css","styles-89fd2ae28bdf06750a71.js","styles-89fd2ae28bdf06750a71.js.map","commons-c41406113bda07e0acf4.js","commons-c41406113bda07e0acf4.js.map","component---src-pages-notice-tsx-9c6293391a2c2ce77309.js","component---src-pages-notice-tsx-9c6293391a2c2ce77309.js.map"],"children":{},"childAssets":{}},"component---src-pages-post-tsx":{"chunks":[0,1,38],"assets":["styles.612576946175bb8f3f4d.css","styles-89fd2ae28bdf06750a71.js","styles-89fd2ae28bdf06750a71.js.map","commons-c41406113bda07e0acf4.js","commons-c41406113bda07e0acf4.js.map","component---src-pages-post-tsx-d5d056ccc498af266329.js","component---src-pages-post-tsx-d5d056ccc498af266329.js.map"],"children":{},"childAssets":{}},"component---src-pages-privacyandterms-tsx":{"chunks":[0,1,39],"assets":["styles.612576946175bb8f3f4d.css","styles-89fd2ae28bdf06750a71.js","styles-89fd2ae28bdf06750a71.js.map","commons-c41406113bda07e0acf4.js","commons-c41406113bda07e0acf4.js.map","component---src-pages-privacyandterms-tsx-ba463d18568b3fdaffc4.js","component---src-pages-privacyandterms-tsx-ba463d18568b3fdaffc4.js.map"],"children":{},"childAssets":{}},"component---src-pages-research-and-development-tsx":{"chunks":[0,1,2,40],"assets":["styles.612576946175bb8f3f4d.css","styles-89fd2ae28bdf06750a71.js","styles-89fd2ae28bdf06750a71.js.map","commons-c41406113bda07e0acf4.js","commons-c41406113bda07e0acf4.js.map","27c3419ff04567782ca93d42f686386092587a57-0b2d2b8bd95b469585cf.js","27c3419ff04567782ca93d42f686386092587a57-0b2d2b8bd95b469585cf.js.map","component---src-pages-research-and-development-tsx-d4b528a993ea8b42d58c.js","component---src-pages-research-and-development-tsx-d4b528a993ea8b42d58c.js.map"],"children":{},"childAssets":{}},"component---src-pages-schools-tsx":{"chunks":[0,1,8],"assets":["styles.612576946175bb8f3f4d.css","styles-89fd2ae28bdf06750a71.js","styles-89fd2ae28bdf06750a71.js.map","commons-c41406113bda07e0acf4.js","commons-c41406113bda07e0acf4.js.map","component---src-pages-schools-tsx-bd567b329691277094ca.js","component---src-pages-schools-tsx-bd567b329691277094ca.js.map"],"children":{},"childAssets":{}},"component---src-pages-tenders-tsx":{"chunks":[0,1,2,41],"assets":["styles.612576946175bb8f3f4d.css","styles-89fd2ae28bdf06750a71.js","styles-89fd2ae28bdf06750a71.js.map","commons-c41406113bda07e0acf4.js","commons-c41406113bda07e0acf4.js.map","27c3419ff04567782ca93d42f686386092587a57-0b2d2b8bd95b469585cf.js","27c3419ff04567782ca93d42f686386092587a57-0b2d2b8bd95b469585cf.js.map","component---src-pages-tenders-tsx-160e75533f6cb793b988.js","component---src-pages-tenders-tsx-160e75533f6cb793b988.js.map"],"children":{},"childAssets":{}},"component---src-pages-vacancies-tsx":{"chunks":[0,1,2,42],"assets":["styles.612576946175bb8f3f4d.css","styles-89fd2ae28bdf06750a71.js","styles-89fd2ae28bdf06750a71.js.map","commons-c41406113bda07e0acf4.js","commons-c41406113bda07e0acf4.js.map","27c3419ff04567782ca93d42f686386092587a57-0b2d2b8bd95b469585cf.js","27c3419ff04567782ca93d42f686386092587a57-0b2d2b8bd95b469585cf.js.map","component---src-pages-vacancies-tsx-708b25063b27742e9bfc.js","component---src-pages-vacancies-tsx-708b25063b27742e9bfc.js.map"],"children":{},"childAssets":{}}},"assetsByChunkName":{"polyfill":["webpack-runtime-197bdd57bb7eb2d683ea.js","polyfill-02f9075c75ef6da75512.js"],"app":["webpack-runtime-197bdd57bb7eb2d683ea.js","styles.612576946175bb8f3f4d.css","styles-89fd2ae28bdf06750a71.js","framework-518de374d288010dc61b.js","app-8842824cdc10e9eca9ae.js"],"component---src-pages-404-tsx":["styles.612576946175bb8f3f4d.css","styles-89fd2ae28bdf06750a71.js","commons-c41406113bda07e0acf4.js","27c3419ff04567782ca93d42f686386092587a57-0b2d2b8bd95b469585cf.js","component---src-pages-404-tsx-65c80590fba00a14dc61.js"],"component---src-pages-about-us-tsx":["styles.612576946175bb8f3f4d.css","styles-89fd2ae28bdf06750a71.js","commons-c41406113bda07e0acf4.js","27c3419ff04567782ca93d42f686386092587a57-0b2d2b8bd95b469585cf.js","d4bba0e56524b98c7438ba84a7dae7c0b050da0f-7f494c6cf17f83b74a4a.js","component---src-pages-about-us-tsx-1af7e67cf8c4d11ce5b8.js"],"component---src-pages-admin-admin-layout-tsx":["styles.612576946175bb8f3f4d.css","styles-89fd2ae28bdf06750a71.js","commons-c41406113bda07e0acf4.js","ecda1aeeab41d919d3a4c854ddb1851ea37641bb-abf1560e537bd24e103c.js","5aa791922fc360b0999083fe79a3b7c4a6eb2a6a-9296047def5b5a5c25f8.js","943187c28ead74a55d7b8bab7fcddc90131c0dea-85546ee65aacee587dec.js","component---src-pages-admin-admin-layout-tsx-0bcd4aeb3f8265ae1f7e.js"],"component---src-pages-admin-careers-index-tsx":["styles.612576946175bb8f3f4d.css","styles-89fd2ae28bdf06750a71.js","commons-c41406113bda07e0acf4.js","ecda1aeeab41d919d3a4c854ddb1851ea37641bb-abf1560e537bd24e103c.js","5aa791922fc360b0999083fe79a3b7c4a6eb2a6a-9296047def5b5a5c25f8.js","943187c28ead74a55d7b8bab7fcddc90131c0dea-85546ee65aacee587dec.js","component---src-pages-admin-admin-layout-tsx-0bcd4aeb3f8265ae1f7e.js","component---src-pages-admin-careers-index-tsx-8052270d493856ea0f35.js"],"component---src-pages-admin-courses-courses-tsx":["styles.612576946175bb8f3f4d.css","styles-89fd2ae28bdf06750a71.js","commons-c41406113bda07e0acf4.js","ecda1aeeab41d919d3a4c854ddb1851ea37641bb-abf1560e537bd24e103c.js","5aa791922fc360b0999083fe79a3b7c4a6eb2a6a-9296047def5b5a5c25f8.js","943187c28ead74a55d7b8bab7fcddc90131c0dea-85546ee65aacee587dec.js","component---src-pages-admin-admin-layout-tsx-0bcd4aeb3f8265ae1f7e.js","component---src-pages-admin-courses-courses-tsx-d096a91467d72c20ae76.js"],"component---src-pages-admin-courses-index-tsx":["styles.612576946175bb8f3f4d.css","styles-89fd2ae28bdf06750a71.js","commons-c41406113bda07e0acf4.js","27c3419ff04567782ca93d42f686386092587a57-0b2d2b8bd95b469585cf.js","ecda1aeeab41d919d3a4c854ddb1851ea37641bb-abf1560e537bd24e103c.js","5aa791922fc360b0999083fe79a3b7c4a6eb2a6a-9296047def5b5a5c25f8.js","943187c28ead74a55d7b8bab7fcddc90131c0dea-85546ee65aacee587dec.js","component---src-pages-admin-admin-layout-tsx-0bcd4aeb3f8265ae1f7e.js","component---src-pages-contact-us-tsx-9cef255532c3a4c75093.js","component---src-pages-admin-courses-index-tsx-adca3233a5daad992427.js"],"component---src-pages-admin-downloads-index-tsx":["styles.612576946175bb8f3f4d.css","styles-89fd2ae28bdf06750a71.js","commons-c41406113bda07e0acf4.js","ecda1aeeab41d919d3a4c854ddb1851ea37641bb-abf1560e537bd24e103c.js","5aa791922fc360b0999083fe79a3b7c4a6eb2a6a-9296047def5b5a5c25f8.js","943187c28ead74a55d7b8bab7fcddc90131c0dea-85546ee65aacee587dec.js","component---src-pages-admin-admin-layout-tsx-0bcd4aeb3f8265ae1f7e.js","component---src-pages-admin-downloads-index-tsx-b873b0612ea28681ac27.js"],"component---src-pages-admin-events-index-tsx":["styles.612576946175bb8f3f4d.css","styles-89fd2ae28bdf06750a71.js","commons-c41406113bda07e0acf4.js","ecda1aeeab41d919d3a4c854ddb1851ea37641bb-abf1560e537bd24e103c.js","5aa791922fc360b0999083fe79a3b7c4a6eb2a6a-9296047def5b5a5c25f8.js","943187c28ead74a55d7b8bab7fcddc90131c0dea-85546ee65aacee587dec.js","component---src-pages-admin-admin-layout-tsx-0bcd4aeb3f8265ae1f7e.js","component---src-pages-admin-events-index-tsx-10d750c8ef6d98f7ae97.js"],"component---src-pages-admin-index-tsx":["styles.612576946175bb8f3f4d.css","styles-89fd2ae28bdf06750a71.js","commons-c41406113bda07e0acf4.js","ecda1aeeab41d919d3a4c854ddb1851ea37641bb-abf1560e537bd24e103c.js","5aa791922fc360b0999083fe79a3b7c4a6eb2a6a-9296047def5b5a5c25f8.js","943187c28ead74a55d7b8bab7fcddc90131c0dea-85546ee65aacee587dec.js","component---src-pages-admin-admin-layout-tsx-0bcd4aeb3f8265ae1f7e.js","component---src-pages-admin-index-tsx-3607eca5bf08fd6cee0f.js"],"component---src-pages-admin-login-tsx":["styles.612576946175bb8f3f4d.css","styles-89fd2ae28bdf06750a71.js","commons-c41406113bda07e0acf4.js","943187c28ead74a55d7b8bab7fcddc90131c0dea-85546ee65aacee587dec.js","component---src-pages-admin-login-tsx-a38054aa4e7acc42c82f.js"],"component---src-pages-admin-news-index-tsx":["styles.612576946175bb8f3f4d.css","styles-89fd2ae28bdf06750a71.js","commons-c41406113bda07e0acf4.js","27c3419ff04567782ca93d42f686386092587a57-0b2d2b8bd95b469585cf.js","ecda1aeeab41d919d3a4c854ddb1851ea37641bb-abf1560e537bd24e103c.js","5aa791922fc360b0999083fe79a3b7c4a6eb2a6a-9296047def5b5a5c25f8.js","943187c28ead74a55d7b8bab7fcddc90131c0dea-85546ee65aacee587dec.js","component---src-pages-admin-admin-layout-tsx-0bcd4aeb3f8265ae1f7e.js","component---src-pages-contact-us-tsx-9cef255532c3a4c75093.js","component---src-pages-admin-news-index-tsx-70bfc92afb4c89a2badf.js"],"component---src-pages-admin-notices-index-tsx":["styles.612576946175bb8f3f4d.css","styles-89fd2ae28bdf06750a71.js","commons-c41406113bda07e0acf4.js","27c3419ff04567782ca93d42f686386092587a57-0b2d2b8bd95b469585cf.js","ecda1aeeab41d919d3a4c854ddb1851ea37641bb-abf1560e537bd24e103c.js","5aa791922fc360b0999083fe79a3b7c4a6eb2a6a-9296047def5b5a5c25f8.js","943187c28ead74a55d7b8bab7fcddc90131c0dea-85546ee65aacee587dec.js","component---src-pages-admin-admin-layout-tsx-0bcd4aeb3f8265ae1f7e.js","component---src-pages-contact-us-tsx-9cef255532c3a4c75093.js","component---src-pages-admin-notices-index-tsx-0355d3fd80854afdd8bb.js"],"component---src-pages-admin-tenders-index-tsx":["styles.612576946175bb8f3f4d.css","styles-89fd2ae28bdf06750a71.js","commons-c41406113bda07e0acf4.js","ecda1aeeab41d919d3a4c854ddb1851ea37641bb-abf1560e537bd24e103c.js","5aa791922fc360b0999083fe79a3b7c4a6eb2a6a-9296047def5b5a5c25f8.js","943187c28ead74a55d7b8bab7fcddc90131c0dea-85546ee65aacee587dec.js","component---src-pages-admin-admin-layout-tsx-0bcd4aeb3f8265ae1f7e.js","component---src-pages-admin-tenders-index-tsx-e1086c56e41a3bb8816f.js"],"component---src-pages-admin-website-forms-index-tsx":["styles.612576946175bb8f3f4d.css","styles-89fd2ae28bdf06750a71.js","commons-c41406113bda07e0acf4.js","ecda1aeeab41d919d3a4c854ddb1851ea37641bb-abf1560e537bd24e103c.js","5aa791922fc360b0999083fe79a3b7c4a6eb2a6a-9296047def5b5a5c25f8.js","943187c28ead74a55d7b8bab7fcddc90131c0dea-85546ee65aacee587dec.js","component---src-pages-admin-admin-layout-tsx-0bcd4aeb3f8265ae1f7e.js","component---src-pages-admin-website-forms-index-tsx-e77b1a18b8b7b5fcf6dc.js"],"component---src-pages-admissions-tsx":["styles.612576946175bb8f3f4d.css","styles-89fd2ae28bdf06750a71.js","commons-c41406113bda07e0acf4.js","27c3419ff04567782ca93d42f686386092587a57-0b2d2b8bd95b469585cf.js","component---src-pages-admissions-tsx-b56cff0ef5a3ee3c155c.js"],"component---src-pages-apply-online-tsx":["styles.612576946175bb8f3f4d.css","styles-89fd2ae28bdf06750a71.js","commons-c41406113bda07e0acf4.js","component---src-pages-apply-online-tsx-93a4857980974712d945.js"],"component---src-pages-campus-life-tsx":["styles.612576946175bb8f3f4d.css","styles-89fd2ae28bdf06750a71.js","commons-c41406113bda07e0acf4.js","27c3419ff04567782ca93d42f686386092587a57-0b2d2b8bd95b469585cf.js","ecda1aeeab41d919d3a4c854ddb1851ea37641bb-abf1560e537bd24e103c.js","5aa791922fc360b0999083fe79a3b7c4a6eb2a6a-9296047def5b5a5c25f8.js","component---src-pages-contact-us-tsx-9cef255532c3a4c75093.js","component---src-pages-campus-life-tsx-105eb20024ac34bcf647.js"],"component---src-pages-contact-us-tsx":["styles.612576946175bb8f3f4d.css","styles-89fd2ae28bdf06750a71.js","commons-c41406113bda07e0acf4.js","27c3419ff04567782ca93d42f686386092587a57-0b2d2b8bd95b469585cf.js","ecda1aeeab41d919d3a4c854ddb1851ea37641bb-abf1560e537bd24e103c.js","5aa791922fc360b0999083fe79a3b7c4a6eb2a6a-9296047def5b5a5c25f8.js","component---src-pages-contact-us-tsx-9cef255532c3a4c75093.js"],"component---src-pages-content-tsx":["styles.612576946175bb8f3f4d.css","styles-89fd2ae28bdf06750a71.js","commons-c41406113bda07e0acf4.js","27c3419ff04567782ca93d42f686386092587a57-0b2d2b8bd95b469585cf.js","component---src-pages-content-tsx-8f50ef6168708b49270a.js"],"component---src-pages-course-description-tsx":["styles.612576946175bb8f3f4d.css","styles-89fd2ae28bdf06750a71.js","commons-c41406113bda07e0acf4.js","27c3419ff04567782ca93d42f686386092587a57-0b2d2b8bd95b469585cf.js","component---src-pages-course-description-tsx-1a8f176fdd648a829e97.js"],"component---src-pages-courses-tsx":["styles.612576946175bb8f3f4d.css","styles-89fd2ae28bdf06750a71.js","commons-c41406113bda07e0acf4.js","27c3419ff04567782ca93d42f686386092587a57-0b2d2b8bd95b469585cf.js","component---src-pages-schools-tsx-bd567b329691277094ca.js","component---src-pages-courses-tsx-232612b4871e1f659065.js"],"component---src-pages-downloads-tsx":["styles.612576946175bb8f3f4d.css","styles-89fd2ae28bdf06750a71.js","commons-c41406113bda07e0acf4.js","27c3419ff04567782ca93d42f686386092587a57-0b2d2b8bd95b469585cf.js","component---src-pages-downloads-tsx-9fc1e4ecb44a1b52113e.js"],"component---src-pages-events-tsx":["styles.612576946175bb8f3f4d.css","styles-89fd2ae28bdf06750a71.js","commons-c41406113bda07e0acf4.js","component---src-pages-events-tsx-bfd081574d9fd4f74471.js"],"component---src-pages-faqs-tsx":["styles.612576946175bb8f3f4d.css","styles-89fd2ae28bdf06750a71.js","commons-c41406113bda07e0acf4.js","27c3419ff04567782ca93d42f686386092587a57-0b2d2b8bd95b469585cf.js","component---src-pages-faqs-tsx-468854fb88cdafc5e58f.js"],"component---src-pages-index-tsx":["styles.612576946175bb8f3f4d.css","styles-89fd2ae28bdf06750a71.js","commons-c41406113bda07e0acf4.js","27c3419ff04567782ca93d42f686386092587a57-0b2d2b8bd95b469585cf.js","component---src-pages-schools-tsx-bd567b329691277094ca.js","d4bba0e56524b98c7438ba84a7dae7c0b050da0f-7f494c6cf17f83b74a4a.js","component---src-pages-index-tsx-f84cd73144e88b08438e.js"],"component---src-pages-login-tsx":["styles.612576946175bb8f3f4d.css","styles-89fd2ae28bdf06750a71.js","commons-c41406113bda07e0acf4.js","27c3419ff04567782ca93d42f686386092587a57-0b2d2b8bd95b469585cf.js","ecda1aeeab41d919d3a4c854ddb1851ea37641bb-abf1560e537bd24e103c.js","943187c28ead74a55d7b8bab7fcddc90131c0dea-85546ee65aacee587dec.js","component---src-pages-login-tsx-0d9c66bef39a176af426.js"],"component---src-pages-maintenance-tsx":["styles.612576946175bb8f3f4d.css","styles-89fd2ae28bdf06750a71.js","commons-c41406113bda07e0acf4.js","component---src-pages-maintenance-tsx-dfe415e52c3fbe8131ff.js"],"component---src-pages-notice-tsx":["styles.612576946175bb8f3f4d.css","styles-89fd2ae28bdf06750a71.js","commons-c41406113bda07e0acf4.js","component---src-pages-notice-tsx-9c6293391a2c2ce77309.js"],"component---src-pages-post-tsx":["styles.612576946175bb8f3f4d.css","styles-89fd2ae28bdf06750a71.js","commons-c41406113bda07e0acf4.js","component---src-pages-post-tsx-d5d056ccc498af266329.js"],"component---src-pages-privacyandterms-tsx":["styles.612576946175bb8f3f4d.css","styles-89fd2ae28bdf06750a71.js","commons-c41406113bda07e0acf4.js","component---src-pages-privacyandterms-tsx-ba463d18568b3fdaffc4.js"],"component---src-pages-research-and-development-tsx":["styles.612576946175bb8f3f4d.css","styles-89fd2ae28bdf06750a71.js","commons-c41406113bda07e0acf4.js","27c3419ff04567782ca93d42f686386092587a57-0b2d2b8bd95b469585cf.js","component---src-pages-research-and-development-tsx-d4b528a993ea8b42d58c.js"],"component---src-pages-schools-tsx":["styles.612576946175bb8f3f4d.css","styles-89fd2ae28bdf06750a71.js","commons-c41406113bda07e0acf4.js","component---src-pages-schools-tsx-bd567b329691277094ca.js"],"component---src-pages-tenders-tsx":["styles.612576946175bb8f3f4d.css","styles-89fd2ae28bdf06750a71.js","commons-c41406113bda07e0acf4.js","27c3419ff04567782ca93d42f686386092587a57-0b2d2b8bd95b469585cf.js","component---src-pages-tenders-tsx-160e75533f6cb793b988.js"],"component---src-pages-vacancies-tsx":["styles.612576946175bb8f3f4d.css","styles-89fd2ae28bdf06750a71.js","commons-c41406113bda07e0acf4.js","27c3419ff04567782ca93d42f686386092587a57-0b2d2b8bd95b469585cf.js","component---src-pages-vacancies-tsx-708b25063b27742e9bfc.js"]}}