{"errors":[],"warnings":[],"namedChunkGroups":{"polyfill":{"chunks":[12,53],"assets":["webpack-runtime-57b50ac190da172bd1b0.js","webpack-runtime-57b50ac190da172bd1b0.js.map","polyfill-1f6ffa5f3faea02028b1.js","polyfill-1f6ffa5f3faea02028b1.js.map"],"children":{},"childAssets":{}},"app":{"chunks":[12,0,52,13],"assets":["webpack-runtime-57b50ac190da172bd1b0.js","webpack-runtime-57b50ac190da172bd1b0.js.map","styles.bc2547eb400dfb7b2c82.css","styles-89fd2ae28bdf06750a71.js","styles-89fd2ae28bdf06750a71.js.map","framework-d90b81a1665e7f7dfd0e.js","framework-d90b81a1665e7f7dfd0e.js.map","app-c34e09a5219dea750999.js","app-c34e09a5219dea750999.js.map"],"children":{},"childAssets":{}},"component---src-pages-404-tsx":{"chunks":[0,1,2,14],"assets":["styles.bc2547eb400dfb7b2c82.css","styles-89fd2ae28bdf06750a71.js","styles-89fd2ae28bdf06750a71.js.map","commons-4af5aceb52a11e2529d8.js","commons-4af5aceb52a11e2529d8.js.map","a5a279c6efb1ddfe213568cbd50c797dea4336c7-0b2d2b8bd95b469585cf.js","a5a279c6efb1ddfe213568cbd50c797dea4336c7-0b2d2b8bd95b469585cf.js.map","component---src-pages-404-tsx-0e856c415f18c772bdaa.js","component---src-pages-404-tsx-0e856c415f18c772bdaa.js.map"],"children":{},"childAssets":{}},"component---src-pages-about-us-tsx":{"chunks":[0,1,2,11,15],"assets":["styles.bc2547eb400dfb7b2c82.css","styles-89fd2ae28bdf06750a71.js","styles-89fd2ae28bdf06750a71.js.map","commons-4af5aceb52a11e2529d8.js","commons-4af5aceb52a11e2529d8.js.map","a5a279c6efb1ddfe213568cbd50c797dea4336c7-0b2d2b8bd95b469585cf.js","a5a279c6efb1ddfe213568cbd50c797dea4336c7-0b2d2b8bd95b469585cf.js.map","d4bba0e56524b98c7438ba84a7dae7c0b050da0f-f18b57f34dc1d7de9d74.js","d4bba0e56524b98c7438ba84a7dae7c0b050da0f-f18b57f34dc1d7de9d74.js.map","component---src-pages-about-us-tsx-375cc8e67b4c8fe89df5.js","component---src-pages-about-us-tsx-375cc8e67b4c8fe89df5.js.map"],"children":{},"childAssets":{}},"component---src-pages-admin-admin-layout-tsx":{"chunks":[0,1,3,5,4,6],"assets":["styles.bc2547eb400dfb7b2c82.css","styles-89fd2ae28bdf06750a71.js","styles-89fd2ae28bdf06750a71.js.map","commons-4af5aceb52a11e2529d8.js","commons-4af5aceb52a11e2529d8.js.map","e0ce75cb2ce40acf95cdf01721f0a89051d7381a-abf1560e537bd24e103c.js","e0ce75cb2ce40acf95cdf01721f0a89051d7381a-abf1560e537bd24e103c.js.map","98fecf8b727ef46bd453e7647b2a167b8606ae11-dfe2023ef5d603fd441a.js","98fecf8b727ef46bd453e7647b2a167b8606ae11-dfe2023ef5d603fd441a.js.map","0a0b8e0845f1b077b3fd5a2407f6e79f6ec9e958-162739b0920c7e2a5128.js","0a0b8e0845f1b077b3fd5a2407f6e79f6ec9e958-162739b0920c7e2a5128.js.map","component---src-pages-admin-admin-layout-tsx-062b6b13f09539a69c5d.js","component---src-pages-admin-admin-layout-tsx-062b6b13f09539a69c5d.js.map"],"children":{},"childAssets":{}},"component---src-pages-admin-careers-add-careers-tsx":{"chunks":[0,1,2,3,5,4,6,7,8,16],"assets":["styles.bc2547eb400dfb7b2c82.css","styles-89fd2ae28bdf06750a71.js","styles-89fd2ae28bdf06750a71.js.map","commons-4af5aceb52a11e2529d8.js","commons-4af5aceb52a11e2529d8.js.map","a5a279c6efb1ddfe213568cbd50c797dea4336c7-0b2d2b8bd95b469585cf.js","a5a279c6efb1ddfe213568cbd50c797dea4336c7-0b2d2b8bd95b469585cf.js.map","e0ce75cb2ce40acf95cdf01721f0a89051d7381a-abf1560e537bd24e103c.js","e0ce75cb2ce40acf95cdf01721f0a89051d7381a-abf1560e537bd24e103c.js.map","98fecf8b727ef46bd453e7647b2a167b8606ae11-dfe2023ef5d603fd441a.js","98fecf8b727ef46bd453e7647b2a167b8606ae11-dfe2023ef5d603fd441a.js.map","0a0b8e0845f1b077b3fd5a2407f6e79f6ec9e958-162739b0920c7e2a5128.js","0a0b8e0845f1b077b3fd5a2407f6e79f6ec9e958-162739b0920c7e2a5128.js.map","component---src-pages-admin-admin-layout-tsx-062b6b13f09539a69c5d.js","component---src-pages-admin-admin-layout-tsx-062b6b13f09539a69c5d.js.map","f0c229423c630657c2c6a0ea83b173e5fc0c3026-58aa03d096fb17ac265b.js","f0c229423c630657c2c6a0ea83b173e5fc0c3026-58aa03d096fb17ac265b.js.map","component---src-pages-contact-us-tsx-183d0e801985a36c5dad.js","component---src-pages-contact-us-tsx-183d0e801985a36c5dad.js.map","component---src-pages-admin-careers-add-careers-tsx-6a90e3bbd3be880a0184.js","component---src-pages-admin-careers-add-careers-tsx-6a90e3bbd3be880a0184.js.map"],"children":{},"childAssets":{}},"component---src-pages-admin-careers-index-tsx":{"chunks":[0,1,3,5,4,6,17],"assets":["styles.bc2547eb400dfb7b2c82.css","styles-89fd2ae28bdf06750a71.js","styles-89fd2ae28bdf06750a71.js.map","commons-4af5aceb52a11e2529d8.js","commons-4af5aceb52a11e2529d8.js.map","e0ce75cb2ce40acf95cdf01721f0a89051d7381a-abf1560e537bd24e103c.js","e0ce75cb2ce40acf95cdf01721f0a89051d7381a-abf1560e537bd24e103c.js.map","98fecf8b727ef46bd453e7647b2a167b8606ae11-dfe2023ef5d603fd441a.js","98fecf8b727ef46bd453e7647b2a167b8606ae11-dfe2023ef5d603fd441a.js.map","0a0b8e0845f1b077b3fd5a2407f6e79f6ec9e958-162739b0920c7e2a5128.js","0a0b8e0845f1b077b3fd5a2407f6e79f6ec9e958-162739b0920c7e2a5128.js.map","component---src-pages-admin-admin-layout-tsx-062b6b13f09539a69c5d.js","component---src-pages-admin-admin-layout-tsx-062b6b13f09539a69c5d.js.map","component---src-pages-admin-careers-index-tsx-6ebd930e8b26e7489948.js","component---src-pages-admin-careers-index-tsx-6ebd930e8b26e7489948.js.map"],"children":{},"childAssets":{}},"component---src-pages-admin-courses-add-course-tsx":{"chunks":[0,1,2,3,5,4,6,7,8,18],"assets":["styles.bc2547eb400dfb7b2c82.css","styles-89fd2ae28bdf06750a71.js","styles-89fd2ae28bdf06750a71.js.map","commons-4af5aceb52a11e2529d8.js","commons-4af5aceb52a11e2529d8.js.map","a5a279c6efb1ddfe213568cbd50c797dea4336c7-0b2d2b8bd95b469585cf.js","a5a279c6efb1ddfe213568cbd50c797dea4336c7-0b2d2b8bd95b469585cf.js.map","e0ce75cb2ce40acf95cdf01721f0a89051d7381a-abf1560e537bd24e103c.js","e0ce75cb2ce40acf95cdf01721f0a89051d7381a-abf1560e537bd24e103c.js.map","98fecf8b727ef46bd453e7647b2a167b8606ae11-dfe2023ef5d603fd441a.js","98fecf8b727ef46bd453e7647b2a167b8606ae11-dfe2023ef5d603fd441a.js.map","0a0b8e0845f1b077b3fd5a2407f6e79f6ec9e958-162739b0920c7e2a5128.js","0a0b8e0845f1b077b3fd5a2407f6e79f6ec9e958-162739b0920c7e2a5128.js.map","component---src-pages-admin-admin-layout-tsx-062b6b13f09539a69c5d.js","component---src-pages-admin-admin-layout-tsx-062b6b13f09539a69c5d.js.map","f0c229423c630657c2c6a0ea83b173e5fc0c3026-58aa03d096fb17ac265b.js","f0c229423c630657c2c6a0ea83b173e5fc0c3026-58aa03d096fb17ac265b.js.map","component---src-pages-contact-us-tsx-183d0e801985a36c5dad.js","component---src-pages-contact-us-tsx-183d0e801985a36c5dad.js.map","component---src-pages-admin-courses-add-course-tsx-c6d37a87924dca46f6ff.js","component---src-pages-admin-courses-add-course-tsx-c6d37a87924dca46f6ff.js.map"],"children":{},"childAssets":{}},"component---src-pages-admin-courses-index-tsx":{"chunks":[0,1,3,5,4,6,9,19],"assets":["styles.bc2547eb400dfb7b2c82.css","styles-89fd2ae28bdf06750a71.js","styles-89fd2ae28bdf06750a71.js.map","commons-4af5aceb52a11e2529d8.js","commons-4af5aceb52a11e2529d8.js.map","e0ce75cb2ce40acf95cdf01721f0a89051d7381a-abf1560e537bd24e103c.js","e0ce75cb2ce40acf95cdf01721f0a89051d7381a-abf1560e537bd24e103c.js.map","98fecf8b727ef46bd453e7647b2a167b8606ae11-dfe2023ef5d603fd441a.js","98fecf8b727ef46bd453e7647b2a167b8606ae11-dfe2023ef5d603fd441a.js.map","0a0b8e0845f1b077b3fd5a2407f6e79f6ec9e958-162739b0920c7e2a5128.js","0a0b8e0845f1b077b3fd5a2407f6e79f6ec9e958-162739b0920c7e2a5128.js.map","component---src-pages-admin-admin-layout-tsx-062b6b13f09539a69c5d.js","component---src-pages-admin-admin-layout-tsx-062b6b13f09539a69c5d.js.map","bc331dd4141ae13f15685fac79a15241ed1204e4-33db241f88cf4c054fe5.js","bc331dd4141ae13f15685fac79a15241ed1204e4-33db241f88cf4c054fe5.js.map","component---src-pages-admin-courses-index-tsx-ff3094555f0fae00d31f.js","component---src-pages-admin-courses-index-tsx-ff3094555f0fae00d31f.js.map"],"children":{},"childAssets":{}},"component---src-pages-admin-downloads-add-download-tsx":{"chunks":[0,1,3,5,4,6,7,20],"assets":["styles.bc2547eb400dfb7b2c82.css","styles-89fd2ae28bdf06750a71.js","styles-89fd2ae28bdf06750a71.js.map","commons-4af5aceb52a11e2529d8.js","commons-4af5aceb52a11e2529d8.js.map","e0ce75cb2ce40acf95cdf01721f0a89051d7381a-abf1560e537bd24e103c.js","e0ce75cb2ce40acf95cdf01721f0a89051d7381a-abf1560e537bd24e103c.js.map","98fecf8b727ef46bd453e7647b2a167b8606ae11-dfe2023ef5d603fd441a.js","98fecf8b727ef46bd453e7647b2a167b8606ae11-dfe2023ef5d603fd441a.js.map","0a0b8e0845f1b077b3fd5a2407f6e79f6ec9e958-162739b0920c7e2a5128.js","0a0b8e0845f1b077b3fd5a2407f6e79f6ec9e958-162739b0920c7e2a5128.js.map","component---src-pages-admin-admin-layout-tsx-062b6b13f09539a69c5d.js","component---src-pages-admin-admin-layout-tsx-062b6b13f09539a69c5d.js.map","f0c229423c630657c2c6a0ea83b173e5fc0c3026-58aa03d096fb17ac265b.js","f0c229423c630657c2c6a0ea83b173e5fc0c3026-58aa03d096fb17ac265b.js.map","component---src-pages-admin-downloads-add-download-tsx-773c6f890c569570e796.js","component---src-pages-admin-downloads-add-download-tsx-773c6f890c569570e796.js.map"],"children":{},"childAssets":{}},"component---src-pages-admin-downloads-index-tsx":{"chunks":[0,1,3,5,4,6,21],"assets":["styles.bc2547eb400dfb7b2c82.css","styles-89fd2ae28bdf06750a71.js","styles-89fd2ae28bdf06750a71.js.map","commons-4af5aceb52a11e2529d8.js","commons-4af5aceb52a11e2529d8.js.map","e0ce75cb2ce40acf95cdf01721f0a89051d7381a-abf1560e537bd24e103c.js","e0ce75cb2ce40acf95cdf01721f0a89051d7381a-abf1560e537bd24e103c.js.map","98fecf8b727ef46bd453e7647b2a167b8606ae11-dfe2023ef5d603fd441a.js","98fecf8b727ef46bd453e7647b2a167b8606ae11-dfe2023ef5d603fd441a.js.map","0a0b8e0845f1b077b3fd5a2407f6e79f6ec9e958-162739b0920c7e2a5128.js","0a0b8e0845f1b077b3fd5a2407f6e79f6ec9e958-162739b0920c7e2a5128.js.map","component---src-pages-admin-admin-layout-tsx-062b6b13f09539a69c5d.js","component---src-pages-admin-admin-layout-tsx-062b6b13f09539a69c5d.js.map","component---src-pages-admin-downloads-index-tsx-dd41ba9c6f0ca14f05da.js","component---src-pages-admin-downloads-index-tsx-dd41ba9c6f0ca14f05da.js.map"],"children":{},"childAssets":{}},"component---src-pages-admin-events-add-event-tsx":{"chunks":[0,1,2,3,5,4,6,7,8,22],"assets":["styles.bc2547eb400dfb7b2c82.css","styles-89fd2ae28bdf06750a71.js","styles-89fd2ae28bdf06750a71.js.map","commons-4af5aceb52a11e2529d8.js","commons-4af5aceb52a11e2529d8.js.map","a5a279c6efb1ddfe213568cbd50c797dea4336c7-0b2d2b8bd95b469585cf.js","a5a279c6efb1ddfe213568cbd50c797dea4336c7-0b2d2b8bd95b469585cf.js.map","e0ce75cb2ce40acf95cdf01721f0a89051d7381a-abf1560e537bd24e103c.js","e0ce75cb2ce40acf95cdf01721f0a89051d7381a-abf1560e537bd24e103c.js.map","98fecf8b727ef46bd453e7647b2a167b8606ae11-dfe2023ef5d603fd441a.js","98fecf8b727ef46bd453e7647b2a167b8606ae11-dfe2023ef5d603fd441a.js.map","0a0b8e0845f1b077b3fd5a2407f6e79f6ec9e958-162739b0920c7e2a5128.js","0a0b8e0845f1b077b3fd5a2407f6e79f6ec9e958-162739b0920c7e2a5128.js.map","component---src-pages-admin-admin-layout-tsx-062b6b13f09539a69c5d.js","component---src-pages-admin-admin-layout-tsx-062b6b13f09539a69c5d.js.map","f0c229423c630657c2c6a0ea83b173e5fc0c3026-58aa03d096fb17ac265b.js","f0c229423c630657c2c6a0ea83b173e5fc0c3026-58aa03d096fb17ac265b.js.map","component---src-pages-contact-us-tsx-183d0e801985a36c5dad.js","component---src-pages-contact-us-tsx-183d0e801985a36c5dad.js.map","component---src-pages-admin-events-add-event-tsx-b6c9f2c75bb89fd58960.js","component---src-pages-admin-events-add-event-tsx-b6c9f2c75bb89fd58960.js.map"],"children":{},"childAssets":{}},"component---src-pages-admin-events-index-tsx":{"chunks":[0,1,3,5,4,6,9,23],"assets":["styles.bc2547eb400dfb7b2c82.css","styles-89fd2ae28bdf06750a71.js","styles-89fd2ae28bdf06750a71.js.map","commons-4af5aceb52a11e2529d8.js","commons-4af5aceb52a11e2529d8.js.map","e0ce75cb2ce40acf95cdf01721f0a89051d7381a-abf1560e537bd24e103c.js","e0ce75cb2ce40acf95cdf01721f0a89051d7381a-abf1560e537bd24e103c.js.map","98fecf8b727ef46bd453e7647b2a167b8606ae11-dfe2023ef5d603fd441a.js","98fecf8b727ef46bd453e7647b2a167b8606ae11-dfe2023ef5d603fd441a.js.map","0a0b8e0845f1b077b3fd5a2407f6e79f6ec9e958-162739b0920c7e2a5128.js","0a0b8e0845f1b077b3fd5a2407f6e79f6ec9e958-162739b0920c7e2a5128.js.map","component---src-pages-admin-admin-layout-tsx-062b6b13f09539a69c5d.js","component---src-pages-admin-admin-layout-tsx-062b6b13f09539a69c5d.js.map","bc331dd4141ae13f15685fac79a15241ed1204e4-33db241f88cf4c054fe5.js","bc331dd4141ae13f15685fac79a15241ed1204e4-33db241f88cf4c054fe5.js.map","component---src-pages-admin-events-index-tsx-101785c9fbe9cd357f6f.js","component---src-pages-admin-events-index-tsx-101785c9fbe9cd357f6f.js.map"],"children":{},"childAssets":{}},"component---src-pages-admin-index-tsx":{"chunks":[0,1,3,5,4,6,24],"assets":["styles.bc2547eb400dfb7b2c82.css","styles-89fd2ae28bdf06750a71.js","styles-89fd2ae28bdf06750a71.js.map","commons-4af5aceb52a11e2529d8.js","commons-4af5aceb52a11e2529d8.js.map","e0ce75cb2ce40acf95cdf01721f0a89051d7381a-abf1560e537bd24e103c.js","e0ce75cb2ce40acf95cdf01721f0a89051d7381a-abf1560e537bd24e103c.js.map","98fecf8b727ef46bd453e7647b2a167b8606ae11-dfe2023ef5d603fd441a.js","98fecf8b727ef46bd453e7647b2a167b8606ae11-dfe2023ef5d603fd441a.js.map","0a0b8e0845f1b077b3fd5a2407f6e79f6ec9e958-162739b0920c7e2a5128.js","0a0b8e0845f1b077b3fd5a2407f6e79f6ec9e958-162739b0920c7e2a5128.js.map","component---src-pages-admin-admin-layout-tsx-062b6b13f09539a69c5d.js","component---src-pages-admin-admin-layout-tsx-062b6b13f09539a69c5d.js.map","component---src-pages-admin-index-tsx-fdb65675740b5a40fe0c.js","component---src-pages-admin-index-tsx-fdb65675740b5a40fe0c.js.map"],"children":{},"childAssets":{}},"component---src-pages-admin-login-tsx":{"chunks":[0,1,4,25],"assets":["styles.bc2547eb400dfb7b2c82.css","styles-89fd2ae28bdf06750a71.js","styles-89fd2ae28bdf06750a71.js.map","commons-4af5aceb52a11e2529d8.js","commons-4af5aceb52a11e2529d8.js.map","0a0b8e0845f1b077b3fd5a2407f6e79f6ec9e958-162739b0920c7e2a5128.js","0a0b8e0845f1b077b3fd5a2407f6e79f6ec9e958-162739b0920c7e2a5128.js.map","component---src-pages-admin-login-tsx-2fdcca9e2df0e7eaca69.js","component---src-pages-admin-login-tsx-2fdcca9e2df0e7eaca69.js.map"],"children":{},"childAssets":{}},"component---src-pages-admin-news-add-news-tsx":{"chunks":[0,1,2,3,5,4,6,7,8,26],"assets":["styles.bc2547eb400dfb7b2c82.css","styles-89fd2ae28bdf06750a71.js","styles-89fd2ae28bdf06750a71.js.map","commons-4af5aceb52a11e2529d8.js","commons-4af5aceb52a11e2529d8.js.map","a5a279c6efb1ddfe213568cbd50c797dea4336c7-0b2d2b8bd95b469585cf.js","a5a279c6efb1ddfe213568cbd50c797dea4336c7-0b2d2b8bd95b469585cf.js.map","e0ce75cb2ce40acf95cdf01721f0a89051d7381a-abf1560e537bd24e103c.js","e0ce75cb2ce40acf95cdf01721f0a89051d7381a-abf1560e537bd24e103c.js.map","98fecf8b727ef46bd453e7647b2a167b8606ae11-dfe2023ef5d603fd441a.js","98fecf8b727ef46bd453e7647b2a167b8606ae11-dfe2023ef5d603fd441a.js.map","0a0b8e0845f1b077b3fd5a2407f6e79f6ec9e958-162739b0920c7e2a5128.js","0a0b8e0845f1b077b3fd5a2407f6e79f6ec9e958-162739b0920c7e2a5128.js.map","component---src-pages-admin-admin-layout-tsx-062b6b13f09539a69c5d.js","component---src-pages-admin-admin-layout-tsx-062b6b13f09539a69c5d.js.map","f0c229423c630657c2c6a0ea83b173e5fc0c3026-58aa03d096fb17ac265b.js","f0c229423c630657c2c6a0ea83b173e5fc0c3026-58aa03d096fb17ac265b.js.map","component---src-pages-contact-us-tsx-183d0e801985a36c5dad.js","component---src-pages-contact-us-tsx-183d0e801985a36c5dad.js.map","component---src-pages-admin-news-add-news-tsx-b5ec14cc769d1d1cf6d6.js","component---src-pages-admin-news-add-news-tsx-b5ec14cc769d1d1cf6d6.js.map"],"children":{},"childAssets":{}},"component---src-pages-admin-news-index-tsx":{"chunks":[0,1,3,5,4,6,27],"assets":["styles.bc2547eb400dfb7b2c82.css","styles-89fd2ae28bdf06750a71.js","styles-89fd2ae28bdf06750a71.js.map","commons-4af5aceb52a11e2529d8.js","commons-4af5aceb52a11e2529d8.js.map","e0ce75cb2ce40acf95cdf01721f0a89051d7381a-abf1560e537bd24e103c.js","e0ce75cb2ce40acf95cdf01721f0a89051d7381a-abf1560e537bd24e103c.js.map","98fecf8b727ef46bd453e7647b2a167b8606ae11-dfe2023ef5d603fd441a.js","98fecf8b727ef46bd453e7647b2a167b8606ae11-dfe2023ef5d603fd441a.js.map","0a0b8e0845f1b077b3fd5a2407f6e79f6ec9e958-162739b0920c7e2a5128.js","0a0b8e0845f1b077b3fd5a2407f6e79f6ec9e958-162739b0920c7e2a5128.js.map","component---src-pages-admin-admin-layout-tsx-062b6b13f09539a69c5d.js","component---src-pages-admin-admin-layout-tsx-062b6b13f09539a69c5d.js.map","component---src-pages-admin-news-index-tsx-f3a08fd9b7a2a43d27e4.js","component---src-pages-admin-news-index-tsx-f3a08fd9b7a2a43d27e4.js.map"],"children":{},"childAssets":{}},"component---src-pages-admin-notices-add-notice-tsx":{"chunks":[0,1,2,3,5,4,6,7,8,28],"assets":["styles.bc2547eb400dfb7b2c82.css","styles-89fd2ae28bdf06750a71.js","styles-89fd2ae28bdf06750a71.js.map","commons-4af5aceb52a11e2529d8.js","commons-4af5aceb52a11e2529d8.js.map","a5a279c6efb1ddfe213568cbd50c797dea4336c7-0b2d2b8bd95b469585cf.js","a5a279c6efb1ddfe213568cbd50c797dea4336c7-0b2d2b8bd95b469585cf.js.map","e0ce75cb2ce40acf95cdf01721f0a89051d7381a-abf1560e537bd24e103c.js","e0ce75cb2ce40acf95cdf01721f0a89051d7381a-abf1560e537bd24e103c.js.map","98fecf8b727ef46bd453e7647b2a167b8606ae11-dfe2023ef5d603fd441a.js","98fecf8b727ef46bd453e7647b2a167b8606ae11-dfe2023ef5d603fd441a.js.map","0a0b8e0845f1b077b3fd5a2407f6e79f6ec9e958-162739b0920c7e2a5128.js","0a0b8e0845f1b077b3fd5a2407f6e79f6ec9e958-162739b0920c7e2a5128.js.map","component---src-pages-admin-admin-layout-tsx-062b6b13f09539a69c5d.js","component---src-pages-admin-admin-layout-tsx-062b6b13f09539a69c5d.js.map","f0c229423c630657c2c6a0ea83b173e5fc0c3026-58aa03d096fb17ac265b.js","f0c229423c630657c2c6a0ea83b173e5fc0c3026-58aa03d096fb17ac265b.js.map","component---src-pages-contact-us-tsx-183d0e801985a36c5dad.js","component---src-pages-contact-us-tsx-183d0e801985a36c5dad.js.map","component---src-pages-admin-notices-add-notice-tsx-d7093513cb86ffe7bd96.js","component---src-pages-admin-notices-add-notice-tsx-d7093513cb86ffe7bd96.js.map"],"children":{},"childAssets":{}},"component---src-pages-admin-notices-index-tsx":{"chunks":[0,1,3,5,4,6,29],"assets":["styles.bc2547eb400dfb7b2c82.css","styles-89fd2ae28bdf06750a71.js","styles-89fd2ae28bdf06750a71.js.map","commons-4af5aceb52a11e2529d8.js","commons-4af5aceb52a11e2529d8.js.map","e0ce75cb2ce40acf95cdf01721f0a89051d7381a-abf1560e537bd24e103c.js","e0ce75cb2ce40acf95cdf01721f0a89051d7381a-abf1560e537bd24e103c.js.map","98fecf8b727ef46bd453e7647b2a167b8606ae11-dfe2023ef5d603fd441a.js","98fecf8b727ef46bd453e7647b2a167b8606ae11-dfe2023ef5d603fd441a.js.map","0a0b8e0845f1b077b3fd5a2407f6e79f6ec9e958-162739b0920c7e2a5128.js","0a0b8e0845f1b077b3fd5a2407f6e79f6ec9e958-162739b0920c7e2a5128.js.map","component---src-pages-admin-admin-layout-tsx-062b6b13f09539a69c5d.js","component---src-pages-admin-admin-layout-tsx-062b6b13f09539a69c5d.js.map","component---src-pages-admin-notices-index-tsx-f490a0578c848832e426.js","component---src-pages-admin-notices-index-tsx-f490a0578c848832e426.js.map"],"children":{},"childAssets":{}},"component---src-pages-admin-tenders-add-tender-tsx":{"chunks":[0,1,3,5,4,6,7,30],"assets":["styles.bc2547eb400dfb7b2c82.css","styles-89fd2ae28bdf06750a71.js","styles-89fd2ae28bdf06750a71.js.map","commons-4af5aceb52a11e2529d8.js","commons-4af5aceb52a11e2529d8.js.map","e0ce75cb2ce40acf95cdf01721f0a89051d7381a-abf1560e537bd24e103c.js","e0ce75cb2ce40acf95cdf01721f0a89051d7381a-abf1560e537bd24e103c.js.map","98fecf8b727ef46bd453e7647b2a167b8606ae11-dfe2023ef5d603fd441a.js","98fecf8b727ef46bd453e7647b2a167b8606ae11-dfe2023ef5d603fd441a.js.map","0a0b8e0845f1b077b3fd5a2407f6e79f6ec9e958-162739b0920c7e2a5128.js","0a0b8e0845f1b077b3fd5a2407f6e79f6ec9e958-162739b0920c7e2a5128.js.map","component---src-pages-admin-admin-layout-tsx-062b6b13f09539a69c5d.js","component---src-pages-admin-admin-layout-tsx-062b6b13f09539a69c5d.js.map","f0c229423c630657c2c6a0ea83b173e5fc0c3026-58aa03d096fb17ac265b.js","f0c229423c630657c2c6a0ea83b173e5fc0c3026-58aa03d096fb17ac265b.js.map","component---src-pages-admin-tenders-add-tender-tsx-1909b210eec480874435.js","component---src-pages-admin-tenders-add-tender-tsx-1909b210eec480874435.js.map"],"children":{},"childAssets":{}},"component---src-pages-admin-tenders-index-tsx":{"chunks":[0,1,3,5,4,6,31],"assets":["styles.bc2547eb400dfb7b2c82.css","styles-89fd2ae28bdf06750a71.js","styles-89fd2ae28bdf06750a71.js.map","commons-4af5aceb52a11e2529d8.js","commons-4af5aceb52a11e2529d8.js.map","e0ce75cb2ce40acf95cdf01721f0a89051d7381a-abf1560e537bd24e103c.js","e0ce75cb2ce40acf95cdf01721f0a89051d7381a-abf1560e537bd24e103c.js.map","98fecf8b727ef46bd453e7647b2a167b8606ae11-dfe2023ef5d603fd441a.js","98fecf8b727ef46bd453e7647b2a167b8606ae11-dfe2023ef5d603fd441a.js.map","0a0b8e0845f1b077b3fd5a2407f6e79f6ec9e958-162739b0920c7e2a5128.js","0a0b8e0845f1b077b3fd5a2407f6e79f6ec9e958-162739b0920c7e2a5128.js.map","component---src-pages-admin-admin-layout-tsx-062b6b13f09539a69c5d.js","component---src-pages-admin-admin-layout-tsx-062b6b13f09539a69c5d.js.map","component---src-pages-admin-tenders-index-tsx-803aba65fc25a1adcc69.js","component---src-pages-admin-tenders-index-tsx-803aba65fc25a1adcc69.js.map"],"children":{},"childAssets":{}},"component---src-pages-admin-website-forms-index-tsx":{"chunks":[0,1,3,5,4,6,9,32],"assets":["styles.bc2547eb400dfb7b2c82.css","styles-89fd2ae28bdf06750a71.js","styles-89fd2ae28bdf06750a71.js.map","commons-4af5aceb52a11e2529d8.js","commons-4af5aceb52a11e2529d8.js.map","e0ce75cb2ce40acf95cdf01721f0a89051d7381a-abf1560e537bd24e103c.js","e0ce75cb2ce40acf95cdf01721f0a89051d7381a-abf1560e537bd24e103c.js.map","98fecf8b727ef46bd453e7647b2a167b8606ae11-dfe2023ef5d603fd441a.js","98fecf8b727ef46bd453e7647b2a167b8606ae11-dfe2023ef5d603fd441a.js.map","0a0b8e0845f1b077b3fd5a2407f6e79f6ec9e958-162739b0920c7e2a5128.js","0a0b8e0845f1b077b3fd5a2407f6e79f6ec9e958-162739b0920c7e2a5128.js.map","component---src-pages-admin-admin-layout-tsx-062b6b13f09539a69c5d.js","component---src-pages-admin-admin-layout-tsx-062b6b13f09539a69c5d.js.map","bc331dd4141ae13f15685fac79a15241ed1204e4-33db241f88cf4c054fe5.js","bc331dd4141ae13f15685fac79a15241ed1204e4-33db241f88cf4c054fe5.js.map","component---src-pages-admin-website-forms-index-tsx-d186ce0dc11367eaf411.js","component---src-pages-admin-website-forms-index-tsx-d186ce0dc11367eaf411.js.map"],"children":{},"childAssets":{}},"component---src-pages-admissions-tsx":{"chunks":[0,1,2,33],"assets":["styles.bc2547eb400dfb7b2c82.css","styles-89fd2ae28bdf06750a71.js","styles-89fd2ae28bdf06750a71.js.map","commons-4af5aceb52a11e2529d8.js","commons-4af5aceb52a11e2529d8.js.map","a5a279c6efb1ddfe213568cbd50c797dea4336c7-0b2d2b8bd95b469585cf.js","a5a279c6efb1ddfe213568cbd50c797dea4336c7-0b2d2b8bd95b469585cf.js.map","component---src-pages-admissions-tsx-dd9e9ee034d1dad01797.js","component---src-pages-admissions-tsx-dd9e9ee034d1dad01797.js.map"],"children":{},"childAssets":{}},"component---src-pages-apply-online-tsx":{"chunks":[0,1,34],"assets":["styles.bc2547eb400dfb7b2c82.css","styles-89fd2ae28bdf06750a71.js","styles-89fd2ae28bdf06750a71.js.map","commons-4af5aceb52a11e2529d8.js","commons-4af5aceb52a11e2529d8.js.map","component---src-pages-apply-online-tsx-4152377d242b3bc80c9c.js","component---src-pages-apply-online-tsx-4152377d242b3bc80c9c.js.map"],"children":{},"childAssets":{}},"component---src-pages-campus-life-tsx":{"chunks":[0,1,2,3,5,7,8,35],"assets":["styles.bc2547eb400dfb7b2c82.css","styles-89fd2ae28bdf06750a71.js","styles-89fd2ae28bdf06750a71.js.map","commons-4af5aceb52a11e2529d8.js","commons-4af5aceb52a11e2529d8.js.map","a5a279c6efb1ddfe213568cbd50c797dea4336c7-0b2d2b8bd95b469585cf.js","a5a279c6efb1ddfe213568cbd50c797dea4336c7-0b2d2b8bd95b469585cf.js.map","e0ce75cb2ce40acf95cdf01721f0a89051d7381a-abf1560e537bd24e103c.js","e0ce75cb2ce40acf95cdf01721f0a89051d7381a-abf1560e537bd24e103c.js.map","98fecf8b727ef46bd453e7647b2a167b8606ae11-dfe2023ef5d603fd441a.js","98fecf8b727ef46bd453e7647b2a167b8606ae11-dfe2023ef5d603fd441a.js.map","f0c229423c630657c2c6a0ea83b173e5fc0c3026-58aa03d096fb17ac265b.js","f0c229423c630657c2c6a0ea83b173e5fc0c3026-58aa03d096fb17ac265b.js.map","component---src-pages-contact-us-tsx-183d0e801985a36c5dad.js","component---src-pages-contact-us-tsx-183d0e801985a36c5dad.js.map","component---src-pages-campus-life-tsx-f648f3e61dc33edf211f.js","component---src-pages-campus-life-tsx-f648f3e61dc33edf211f.js.map"],"children":{},"childAssets":{}},"component---src-pages-contact-us-tsx":{"chunks":[0,1,2,3,5,7,8],"assets":["styles.bc2547eb400dfb7b2c82.css","styles-89fd2ae28bdf06750a71.js","styles-89fd2ae28bdf06750a71.js.map","commons-4af5aceb52a11e2529d8.js","commons-4af5aceb52a11e2529d8.js.map","a5a279c6efb1ddfe213568cbd50c797dea4336c7-0b2d2b8bd95b469585cf.js","a5a279c6efb1ddfe213568cbd50c797dea4336c7-0b2d2b8bd95b469585cf.js.map","e0ce75cb2ce40acf95cdf01721f0a89051d7381a-abf1560e537bd24e103c.js","e0ce75cb2ce40acf95cdf01721f0a89051d7381a-abf1560e537bd24e103c.js.map","98fecf8b727ef46bd453e7647b2a167b8606ae11-dfe2023ef5d603fd441a.js","98fecf8b727ef46bd453e7647b2a167b8606ae11-dfe2023ef5d603fd441a.js.map","f0c229423c630657c2c6a0ea83b173e5fc0c3026-58aa03d096fb17ac265b.js","f0c229423c630657c2c6a0ea83b173e5fc0c3026-58aa03d096fb17ac265b.js.map","component---src-pages-contact-us-tsx-183d0e801985a36c5dad.js","component---src-pages-contact-us-tsx-183d0e801985a36c5dad.js.map"],"children":{},"childAssets":{}},"component---src-pages-content-tsx":{"chunks":[0,1,2,36],"assets":["styles.bc2547eb400dfb7b2c82.css","styles-89fd2ae28bdf06750a71.js","styles-89fd2ae28bdf06750a71.js.map","commons-4af5aceb52a11e2529d8.js","commons-4af5aceb52a11e2529d8.js.map","a5a279c6efb1ddfe213568cbd50c797dea4336c7-0b2d2b8bd95b469585cf.js","a5a279c6efb1ddfe213568cbd50c797dea4336c7-0b2d2b8bd95b469585cf.js.map","component---src-pages-content-tsx-d30d28429f4e5c77a7cf.js","component---src-pages-content-tsx-d30d28429f4e5c77a7cf.js.map"],"children":{},"childAssets":{}},"component---src-pages-course-description-tsx":{"chunks":[0,1,2,37],"assets":["styles.bc2547eb400dfb7b2c82.css","styles-89fd2ae28bdf06750a71.js","styles-89fd2ae28bdf06750a71.js.map","commons-4af5aceb52a11e2529d8.js","commons-4af5aceb52a11e2529d8.js.map","a5a279c6efb1ddfe213568cbd50c797dea4336c7-0b2d2b8bd95b469585cf.js","a5a279c6efb1ddfe213568cbd50c797dea4336c7-0b2d2b8bd95b469585cf.js.map","component---src-pages-course-description-tsx-5cb370fd3be1590dbccd.js","component---src-pages-course-description-tsx-5cb370fd3be1590dbccd.js.map"],"children":{},"childAssets":{}},"component---src-pages-courses-tsx":{"chunks":[0,1,2,10,38],"assets":["styles.bc2547eb400dfb7b2c82.css","styles-89fd2ae28bdf06750a71.js","styles-89fd2ae28bdf06750a71.js.map","commons-4af5aceb52a11e2529d8.js","commons-4af5aceb52a11e2529d8.js.map","a5a279c6efb1ddfe213568cbd50c797dea4336c7-0b2d2b8bd95b469585cf.js","a5a279c6efb1ddfe213568cbd50c797dea4336c7-0b2d2b8bd95b469585cf.js.map","2c73ab3803f3544ef9e97bb9a0ce331e8ef5b785-1989f64965a363e2ce11.js","2c73ab3803f3544ef9e97bb9a0ce331e8ef5b785-1989f64965a363e2ce11.js.map","component---src-pages-courses-tsx-44fbf003e6ecb13b0638.js","component---src-pages-courses-tsx-44fbf003e6ecb13b0638.js.map"],"children":{},"childAssets":{}},"component---src-pages-downloads-tsx":{"chunks":[0,1,2,39],"assets":["styles.bc2547eb400dfb7b2c82.css","styles-89fd2ae28bdf06750a71.js","styles-89fd2ae28bdf06750a71.js.map","commons-4af5aceb52a11e2529d8.js","commons-4af5aceb52a11e2529d8.js.map","a5a279c6efb1ddfe213568cbd50c797dea4336c7-0b2d2b8bd95b469585cf.js","a5a279c6efb1ddfe213568cbd50c797dea4336c7-0b2d2b8bd95b469585cf.js.map","component---src-pages-downloads-tsx-ef6e8c6a16e7cc899596.js","component---src-pages-downloads-tsx-ef6e8c6a16e7cc899596.js.map"],"children":{},"childAssets":{}},"component---src-pages-events-tsx":{"chunks":[0,1,40],"assets":["styles.bc2547eb400dfb7b2c82.css","styles-89fd2ae28bdf06750a71.js","styles-89fd2ae28bdf06750a71.js.map","commons-4af5aceb52a11e2529d8.js","commons-4af5aceb52a11e2529d8.js.map","component---src-pages-events-tsx-5ca028e62ad325a548cf.js","component---src-pages-events-tsx-5ca028e62ad325a548cf.js.map"],"children":{},"childAssets":{}},"component---src-pages-faqs-tsx":{"chunks":[0,1,2,41],"assets":["styles.bc2547eb400dfb7b2c82.css","styles-89fd2ae28bdf06750a71.js","styles-89fd2ae28bdf06750a71.js.map","commons-4af5aceb52a11e2529d8.js","commons-4af5aceb52a11e2529d8.js.map","a5a279c6efb1ddfe213568cbd50c797dea4336c7-0b2d2b8bd95b469585cf.js","a5a279c6efb1ddfe213568cbd50c797dea4336c7-0b2d2b8bd95b469585cf.js.map","component---src-pages-faqs-tsx-fc6414ac2b4ab09ff6b1.js","component---src-pages-faqs-tsx-fc6414ac2b4ab09ff6b1.js.map"],"children":{},"childAssets":{}},"component---src-pages-index-tsx":{"chunks":[0,1,2,9,10,11,42],"assets":["styles.bc2547eb400dfb7b2c82.css","styles-89fd2ae28bdf06750a71.js","styles-89fd2ae28bdf06750a71.js.map","commons-4af5aceb52a11e2529d8.js","commons-4af5aceb52a11e2529d8.js.map","a5a279c6efb1ddfe213568cbd50c797dea4336c7-0b2d2b8bd95b469585cf.js","a5a279c6efb1ddfe213568cbd50c797dea4336c7-0b2d2b8bd95b469585cf.js.map","bc331dd4141ae13f15685fac79a15241ed1204e4-33db241f88cf4c054fe5.js","bc331dd4141ae13f15685fac79a15241ed1204e4-33db241f88cf4c054fe5.js.map","2c73ab3803f3544ef9e97bb9a0ce331e8ef5b785-1989f64965a363e2ce11.js","2c73ab3803f3544ef9e97bb9a0ce331e8ef5b785-1989f64965a363e2ce11.js.map","d4bba0e56524b98c7438ba84a7dae7c0b050da0f-f18b57f34dc1d7de9d74.js","d4bba0e56524b98c7438ba84a7dae7c0b050da0f-f18b57f34dc1d7de9d74.js.map","component---src-pages-index-tsx-69cd2bb2948e246a3224.js","component---src-pages-index-tsx-69cd2bb2948e246a3224.js.map"],"children":{},"childAssets":{}},"component---src-pages-login-tsx":{"chunks":[0,1,2,3,4,43],"assets":["styles.bc2547eb400dfb7b2c82.css","styles-89fd2ae28bdf06750a71.js","styles-89fd2ae28bdf06750a71.js.map","commons-4af5aceb52a11e2529d8.js","commons-4af5aceb52a11e2529d8.js.map","a5a279c6efb1ddfe213568cbd50c797dea4336c7-0b2d2b8bd95b469585cf.js","a5a279c6efb1ddfe213568cbd50c797dea4336c7-0b2d2b8bd95b469585cf.js.map","e0ce75cb2ce40acf95cdf01721f0a89051d7381a-abf1560e537bd24e103c.js","e0ce75cb2ce40acf95cdf01721f0a89051d7381a-abf1560e537bd24e103c.js.map","0a0b8e0845f1b077b3fd5a2407f6e79f6ec9e958-162739b0920c7e2a5128.js","0a0b8e0845f1b077b3fd5a2407f6e79f6ec9e958-162739b0920c7e2a5128.js.map","component---src-pages-login-tsx-5778fa522ad78685355f.js","component---src-pages-login-tsx-5778fa522ad78685355f.js.map"],"children":{},"childAssets":{}},"component---src-pages-maintenance-tsx":{"chunks":[0,1,44],"assets":["styles.bc2547eb400dfb7b2c82.css","styles-89fd2ae28bdf06750a71.js","styles-89fd2ae28bdf06750a71.js.map","commons-4af5aceb52a11e2529d8.js","commons-4af5aceb52a11e2529d8.js.map","component---src-pages-maintenance-tsx-f8e2ac20bd635733cc62.js","component---src-pages-maintenance-tsx-f8e2ac20bd635733cc62.js.map"],"children":{},"childAssets":{}},"component---src-pages-notice-tsx":{"chunks":[0,1,45],"assets":["styles.bc2547eb400dfb7b2c82.css","styles-89fd2ae28bdf06750a71.js","styles-89fd2ae28bdf06750a71.js.map","commons-4af5aceb52a11e2529d8.js","commons-4af5aceb52a11e2529d8.js.map","component---src-pages-notice-tsx-0c1a790a97d84d9e51ba.js","component---src-pages-notice-tsx-0c1a790a97d84d9e51ba.js.map"],"children":{},"childAssets":{}},"component---src-pages-post-tsx":{"chunks":[0,1,46],"assets":["styles.bc2547eb400dfb7b2c82.css","styles-89fd2ae28bdf06750a71.js","styles-89fd2ae28bdf06750a71.js.map","commons-4af5aceb52a11e2529d8.js","commons-4af5aceb52a11e2529d8.js.map","component---src-pages-post-tsx-fc28d61819ffc8ddeb87.js","component---src-pages-post-tsx-fc28d61819ffc8ddeb87.js.map"],"children":{},"childAssets":{}},"component---src-pages-privacyandterms-tsx":{"chunks":[0,1,47],"assets":["styles.bc2547eb400dfb7b2c82.css","styles-89fd2ae28bdf06750a71.js","styles-89fd2ae28bdf06750a71.js.map","commons-4af5aceb52a11e2529d8.js","commons-4af5aceb52a11e2529d8.js.map","component---src-pages-privacyandterms-tsx-3c849be1625038b7d954.js","component---src-pages-privacyandterms-tsx-3c849be1625038b7d954.js.map"],"children":{},"childAssets":{}},"component---src-pages-research-and-development-tsx":{"chunks":[0,1,2,48],"assets":["styles.bc2547eb400dfb7b2c82.css","styles-89fd2ae28bdf06750a71.js","styles-89fd2ae28bdf06750a71.js.map","commons-4af5aceb52a11e2529d8.js","commons-4af5aceb52a11e2529d8.js.map","a5a279c6efb1ddfe213568cbd50c797dea4336c7-0b2d2b8bd95b469585cf.js","a5a279c6efb1ddfe213568cbd50c797dea4336c7-0b2d2b8bd95b469585cf.js.map","component---src-pages-research-and-development-tsx-794b5013380432fc60ee.js","component---src-pages-research-and-development-tsx-794b5013380432fc60ee.js.map"],"children":{},"childAssets":{}},"component---src-pages-schools-tsx":{"chunks":[0,1,10,49],"assets":["styles.bc2547eb400dfb7b2c82.css","styles-89fd2ae28bdf06750a71.js","styles-89fd2ae28bdf06750a71.js.map","commons-4af5aceb52a11e2529d8.js","commons-4af5aceb52a11e2529d8.js.map","2c73ab3803f3544ef9e97bb9a0ce331e8ef5b785-1989f64965a363e2ce11.js","2c73ab3803f3544ef9e97bb9a0ce331e8ef5b785-1989f64965a363e2ce11.js.map","component---src-pages-schools-tsx-e13c4fa1120618648486.js","component---src-pages-schools-tsx-e13c4fa1120618648486.js.map"],"children":{},"childAssets":{}},"component---src-pages-tenders-tsx":{"chunks":[0,1,2,50],"assets":["styles.bc2547eb400dfb7b2c82.css","styles-89fd2ae28bdf06750a71.js","styles-89fd2ae28bdf06750a71.js.map","commons-4af5aceb52a11e2529d8.js","commons-4af5aceb52a11e2529d8.js.map","a5a279c6efb1ddfe213568cbd50c797dea4336c7-0b2d2b8bd95b469585cf.js","a5a279c6efb1ddfe213568cbd50c797dea4336c7-0b2d2b8bd95b469585cf.js.map","component---src-pages-tenders-tsx-8d5545e481b4e93466d5.js","component---src-pages-tenders-tsx-8d5545e481b4e93466d5.js.map"],"children":{},"childAssets":{}},"component---src-pages-vacancies-tsx":{"chunks":[0,1,2,9,51],"assets":["styles.bc2547eb400dfb7b2c82.css","styles-89fd2ae28bdf06750a71.js","styles-89fd2ae28bdf06750a71.js.map","commons-4af5aceb52a11e2529d8.js","commons-4af5aceb52a11e2529d8.js.map","a5a279c6efb1ddfe213568cbd50c797dea4336c7-0b2d2b8bd95b469585cf.js","a5a279c6efb1ddfe213568cbd50c797dea4336c7-0b2d2b8bd95b469585cf.js.map","bc331dd4141ae13f15685fac79a15241ed1204e4-33db241f88cf4c054fe5.js","bc331dd4141ae13f15685fac79a15241ed1204e4-33db241f88cf4c054fe5.js.map","component---src-pages-vacancies-tsx-0bb70795acdb4fefcced.js","component---src-pages-vacancies-tsx-0bb70795acdb4fefcced.js.map"],"children":{},"childAssets":{}}},"assetsByChunkName":{"polyfill":["webpack-runtime-57b50ac190da172bd1b0.js","polyfill-1f6ffa5f3faea02028b1.js"],"app":["webpack-runtime-57b50ac190da172bd1b0.js","styles.bc2547eb400dfb7b2c82.css","styles-89fd2ae28bdf06750a71.js","framework-d90b81a1665e7f7dfd0e.js","app-c34e09a5219dea750999.js"],"component---src-pages-404-tsx":["styles.bc2547eb400dfb7b2c82.css","styles-89fd2ae28bdf06750a71.js","commons-4af5aceb52a11e2529d8.js","a5a279c6efb1ddfe213568cbd50c797dea4336c7-0b2d2b8bd95b469585cf.js","component---src-pages-404-tsx-0e856c415f18c772bdaa.js"],"component---src-pages-about-us-tsx":["styles.bc2547eb400dfb7b2c82.css","styles-89fd2ae28bdf06750a71.js","commons-4af5aceb52a11e2529d8.js","a5a279c6efb1ddfe213568cbd50c797dea4336c7-0b2d2b8bd95b469585cf.js","d4bba0e56524b98c7438ba84a7dae7c0b050da0f-f18b57f34dc1d7de9d74.js","component---src-pages-about-us-tsx-375cc8e67b4c8fe89df5.js"],"component---src-pages-admin-admin-layout-tsx":["styles.bc2547eb400dfb7b2c82.css","styles-89fd2ae28bdf06750a71.js","commons-4af5aceb52a11e2529d8.js","e0ce75cb2ce40acf95cdf01721f0a89051d7381a-abf1560e537bd24e103c.js","98fecf8b727ef46bd453e7647b2a167b8606ae11-dfe2023ef5d603fd441a.js","0a0b8e0845f1b077b3fd5a2407f6e79f6ec9e958-162739b0920c7e2a5128.js","component---src-pages-admin-admin-layout-tsx-062b6b13f09539a69c5d.js"],"component---src-pages-admin-careers-add-careers-tsx":["styles.bc2547eb400dfb7b2c82.css","styles-89fd2ae28bdf06750a71.js","commons-4af5aceb52a11e2529d8.js","a5a279c6efb1ddfe213568cbd50c797dea4336c7-0b2d2b8bd95b469585cf.js","e0ce75cb2ce40acf95cdf01721f0a89051d7381a-abf1560e537bd24e103c.js","98fecf8b727ef46bd453e7647b2a167b8606ae11-dfe2023ef5d603fd441a.js","0a0b8e0845f1b077b3fd5a2407f6e79f6ec9e958-162739b0920c7e2a5128.js","component---src-pages-admin-admin-layout-tsx-062b6b13f09539a69c5d.js","f0c229423c630657c2c6a0ea83b173e5fc0c3026-58aa03d096fb17ac265b.js","component---src-pages-contact-us-tsx-183d0e801985a36c5dad.js","component---src-pages-admin-careers-add-careers-tsx-6a90e3bbd3be880a0184.js"],"component---src-pages-admin-careers-index-tsx":["styles.bc2547eb400dfb7b2c82.css","styles-89fd2ae28bdf06750a71.js","commons-4af5aceb52a11e2529d8.js","e0ce75cb2ce40acf95cdf01721f0a89051d7381a-abf1560e537bd24e103c.js","98fecf8b727ef46bd453e7647b2a167b8606ae11-dfe2023ef5d603fd441a.js","0a0b8e0845f1b077b3fd5a2407f6e79f6ec9e958-162739b0920c7e2a5128.js","component---src-pages-admin-admin-layout-tsx-062b6b13f09539a69c5d.js","component---src-pages-admin-careers-index-tsx-6ebd930e8b26e7489948.js"],"component---src-pages-admin-courses-add-course-tsx":["styles.bc2547eb400dfb7b2c82.css","styles-89fd2ae28bdf06750a71.js","commons-4af5aceb52a11e2529d8.js","a5a279c6efb1ddfe213568cbd50c797dea4336c7-0b2d2b8bd95b469585cf.js","e0ce75cb2ce40acf95cdf01721f0a89051d7381a-abf1560e537bd24e103c.js","98fecf8b727ef46bd453e7647b2a167b8606ae11-dfe2023ef5d603fd441a.js","0a0b8e0845f1b077b3fd5a2407f6e79f6ec9e958-162739b0920c7e2a5128.js","component---src-pages-admin-admin-layout-tsx-062b6b13f09539a69c5d.js","f0c229423c630657c2c6a0ea83b173e5fc0c3026-58aa03d096fb17ac265b.js","component---src-pages-contact-us-tsx-183d0e801985a36c5dad.js","component---src-pages-admin-courses-add-course-tsx-c6d37a87924dca46f6ff.js"],"component---src-pages-admin-courses-index-tsx":["styles.bc2547eb400dfb7b2c82.css","styles-89fd2ae28bdf06750a71.js","commons-4af5aceb52a11e2529d8.js","e0ce75cb2ce40acf95cdf01721f0a89051d7381a-abf1560e537bd24e103c.js","98fecf8b727ef46bd453e7647b2a167b8606ae11-dfe2023ef5d603fd441a.js","0a0b8e0845f1b077b3fd5a2407f6e79f6ec9e958-162739b0920c7e2a5128.js","component---src-pages-admin-admin-layout-tsx-062b6b13f09539a69c5d.js","bc331dd4141ae13f15685fac79a15241ed1204e4-33db241f88cf4c054fe5.js","component---src-pages-admin-courses-index-tsx-ff3094555f0fae00d31f.js"],"component---src-pages-admin-downloads-add-download-tsx":["styles.bc2547eb400dfb7b2c82.css","styles-89fd2ae28bdf06750a71.js","commons-4af5aceb52a11e2529d8.js","e0ce75cb2ce40acf95cdf01721f0a89051d7381a-abf1560e537bd24e103c.js","98fecf8b727ef46bd453e7647b2a167b8606ae11-dfe2023ef5d603fd441a.js","0a0b8e0845f1b077b3fd5a2407f6e79f6ec9e958-162739b0920c7e2a5128.js","component---src-pages-admin-admin-layout-tsx-062b6b13f09539a69c5d.js","f0c229423c630657c2c6a0ea83b173e5fc0c3026-58aa03d096fb17ac265b.js","component---src-pages-admin-downloads-add-download-tsx-773c6f890c569570e796.js"],"component---src-pages-admin-downloads-index-tsx":["styles.bc2547eb400dfb7b2c82.css","styles-89fd2ae28bdf06750a71.js","commons-4af5aceb52a11e2529d8.js","e0ce75cb2ce40acf95cdf01721f0a89051d7381a-abf1560e537bd24e103c.js","98fecf8b727ef46bd453e7647b2a167b8606ae11-dfe2023ef5d603fd441a.js","0a0b8e0845f1b077b3fd5a2407f6e79f6ec9e958-162739b0920c7e2a5128.js","component---src-pages-admin-admin-layout-tsx-062b6b13f09539a69c5d.js","component---src-pages-admin-downloads-index-tsx-dd41ba9c6f0ca14f05da.js"],"component---src-pages-admin-events-add-event-tsx":["styles.bc2547eb400dfb7b2c82.css","styles-89fd2ae28bdf06750a71.js","commons-4af5aceb52a11e2529d8.js","a5a279c6efb1ddfe213568cbd50c797dea4336c7-0b2d2b8bd95b469585cf.js","e0ce75cb2ce40acf95cdf01721f0a89051d7381a-abf1560e537bd24e103c.js","98fecf8b727ef46bd453e7647b2a167b8606ae11-dfe2023ef5d603fd441a.js","0a0b8e0845f1b077b3fd5a2407f6e79f6ec9e958-162739b0920c7e2a5128.js","component---src-pages-admin-admin-layout-tsx-062b6b13f09539a69c5d.js","f0c229423c630657c2c6a0ea83b173e5fc0c3026-58aa03d096fb17ac265b.js","component---src-pages-contact-us-tsx-183d0e801985a36c5dad.js","component---src-pages-admin-events-add-event-tsx-b6c9f2c75bb89fd58960.js"],"component---src-pages-admin-events-index-tsx":["styles.bc2547eb400dfb7b2c82.css","styles-89fd2ae28bdf06750a71.js","commons-4af5aceb52a11e2529d8.js","e0ce75cb2ce40acf95cdf01721f0a89051d7381a-abf1560e537bd24e103c.js","98fecf8b727ef46bd453e7647b2a167b8606ae11-dfe2023ef5d603fd441a.js","0a0b8e0845f1b077b3fd5a2407f6e79f6ec9e958-162739b0920c7e2a5128.js","component---src-pages-admin-admin-layout-tsx-062b6b13f09539a69c5d.js","bc331dd4141ae13f15685fac79a15241ed1204e4-33db241f88cf4c054fe5.js","component---src-pages-admin-events-index-tsx-101785c9fbe9cd357f6f.js"],"component---src-pages-admin-index-tsx":["styles.bc2547eb400dfb7b2c82.css","styles-89fd2ae28bdf06750a71.js","commons-4af5aceb52a11e2529d8.js","e0ce75cb2ce40acf95cdf01721f0a89051d7381a-abf1560e537bd24e103c.js","98fecf8b727ef46bd453e7647b2a167b8606ae11-dfe2023ef5d603fd441a.js","0a0b8e0845f1b077b3fd5a2407f6e79f6ec9e958-162739b0920c7e2a5128.js","component---src-pages-admin-admin-layout-tsx-062b6b13f09539a69c5d.js","component---src-pages-admin-index-tsx-fdb65675740b5a40fe0c.js"],"component---src-pages-admin-login-tsx":["styles.bc2547eb400dfb7b2c82.css","styles-89fd2ae28bdf06750a71.js","commons-4af5aceb52a11e2529d8.js","0a0b8e0845f1b077b3fd5a2407f6e79f6ec9e958-162739b0920c7e2a5128.js","component---src-pages-admin-login-tsx-2fdcca9e2df0e7eaca69.js"],"component---src-pages-admin-news-add-news-tsx":["styles.bc2547eb400dfb7b2c82.css","styles-89fd2ae28bdf06750a71.js","commons-4af5aceb52a11e2529d8.js","a5a279c6efb1ddfe213568cbd50c797dea4336c7-0b2d2b8bd95b469585cf.js","e0ce75cb2ce40acf95cdf01721f0a89051d7381a-abf1560e537bd24e103c.js","98fecf8b727ef46bd453e7647b2a167b8606ae11-dfe2023ef5d603fd441a.js","0a0b8e0845f1b077b3fd5a2407f6e79f6ec9e958-162739b0920c7e2a5128.js","component---src-pages-admin-admin-layout-tsx-062b6b13f09539a69c5d.js","f0c229423c630657c2c6a0ea83b173e5fc0c3026-58aa03d096fb17ac265b.js","component---src-pages-contact-us-tsx-183d0e801985a36c5dad.js","component---src-pages-admin-news-add-news-tsx-b5ec14cc769d1d1cf6d6.js"],"component---src-pages-admin-news-index-tsx":["styles.bc2547eb400dfb7b2c82.css","styles-89fd2ae28bdf06750a71.js","commons-4af5aceb52a11e2529d8.js","e0ce75cb2ce40acf95cdf01721f0a89051d7381a-abf1560e537bd24e103c.js","98fecf8b727ef46bd453e7647b2a167b8606ae11-dfe2023ef5d603fd441a.js","0a0b8e0845f1b077b3fd5a2407f6e79f6ec9e958-162739b0920c7e2a5128.js","component---src-pages-admin-admin-layout-tsx-062b6b13f09539a69c5d.js","component---src-pages-admin-news-index-tsx-f3a08fd9b7a2a43d27e4.js"],"component---src-pages-admin-notices-add-notice-tsx":["styles.bc2547eb400dfb7b2c82.css","styles-89fd2ae28bdf06750a71.js","commons-4af5aceb52a11e2529d8.js","a5a279c6efb1ddfe213568cbd50c797dea4336c7-0b2d2b8bd95b469585cf.js","e0ce75cb2ce40acf95cdf01721f0a89051d7381a-abf1560e537bd24e103c.js","98fecf8b727ef46bd453e7647b2a167b8606ae11-dfe2023ef5d603fd441a.js","0a0b8e0845f1b077b3fd5a2407f6e79f6ec9e958-162739b0920c7e2a5128.js","component---src-pages-admin-admin-layout-tsx-062b6b13f09539a69c5d.js","f0c229423c630657c2c6a0ea83b173e5fc0c3026-58aa03d096fb17ac265b.js","component---src-pages-contact-us-tsx-183d0e801985a36c5dad.js","component---src-pages-admin-notices-add-notice-tsx-d7093513cb86ffe7bd96.js"],"component---src-pages-admin-notices-index-tsx":["styles.bc2547eb400dfb7b2c82.css","styles-89fd2ae28bdf06750a71.js","commons-4af5aceb52a11e2529d8.js","e0ce75cb2ce40acf95cdf01721f0a89051d7381a-abf1560e537bd24e103c.js","98fecf8b727ef46bd453e7647b2a167b8606ae11-dfe2023ef5d603fd441a.js","0a0b8e0845f1b077b3fd5a2407f6e79f6ec9e958-162739b0920c7e2a5128.js","component---src-pages-admin-admin-layout-tsx-062b6b13f09539a69c5d.js","component---src-pages-admin-notices-index-tsx-f490a0578c848832e426.js"],"component---src-pages-admin-tenders-add-tender-tsx":["styles.bc2547eb400dfb7b2c82.css","styles-89fd2ae28bdf06750a71.js","commons-4af5aceb52a11e2529d8.js","e0ce75cb2ce40acf95cdf01721f0a89051d7381a-abf1560e537bd24e103c.js","98fecf8b727ef46bd453e7647b2a167b8606ae11-dfe2023ef5d603fd441a.js","0a0b8e0845f1b077b3fd5a2407f6e79f6ec9e958-162739b0920c7e2a5128.js","component---src-pages-admin-admin-layout-tsx-062b6b13f09539a69c5d.js","f0c229423c630657c2c6a0ea83b173e5fc0c3026-58aa03d096fb17ac265b.js","component---src-pages-admin-tenders-add-tender-tsx-1909b210eec480874435.js"],"component---src-pages-admin-tenders-index-tsx":["styles.bc2547eb400dfb7b2c82.css","styles-89fd2ae28bdf06750a71.js","commons-4af5aceb52a11e2529d8.js","e0ce75cb2ce40acf95cdf01721f0a89051d7381a-abf1560e537bd24e103c.js","98fecf8b727ef46bd453e7647b2a167b8606ae11-dfe2023ef5d603fd441a.js","0a0b8e0845f1b077b3fd5a2407f6e79f6ec9e958-162739b0920c7e2a5128.js","component---src-pages-admin-admin-layout-tsx-062b6b13f09539a69c5d.js","component---src-pages-admin-tenders-index-tsx-803aba65fc25a1adcc69.js"],"component---src-pages-admin-website-forms-index-tsx":["styles.bc2547eb400dfb7b2c82.css","styles-89fd2ae28bdf06750a71.js","commons-4af5aceb52a11e2529d8.js","e0ce75cb2ce40acf95cdf01721f0a89051d7381a-abf1560e537bd24e103c.js","98fecf8b727ef46bd453e7647b2a167b8606ae11-dfe2023ef5d603fd441a.js","0a0b8e0845f1b077b3fd5a2407f6e79f6ec9e958-162739b0920c7e2a5128.js","component---src-pages-admin-admin-layout-tsx-062b6b13f09539a69c5d.js","bc331dd4141ae13f15685fac79a15241ed1204e4-33db241f88cf4c054fe5.js","component---src-pages-admin-website-forms-index-tsx-d186ce0dc11367eaf411.js"],"component---src-pages-admissions-tsx":["styles.bc2547eb400dfb7b2c82.css","styles-89fd2ae28bdf06750a71.js","commons-4af5aceb52a11e2529d8.js","a5a279c6efb1ddfe213568cbd50c797dea4336c7-0b2d2b8bd95b469585cf.js","component---src-pages-admissions-tsx-dd9e9ee034d1dad01797.js"],"component---src-pages-apply-online-tsx":["styles.bc2547eb400dfb7b2c82.css","styles-89fd2ae28bdf06750a71.js","commons-4af5aceb52a11e2529d8.js","component---src-pages-apply-online-tsx-4152377d242b3bc80c9c.js"],"component---src-pages-campus-life-tsx":["styles.bc2547eb400dfb7b2c82.css","styles-89fd2ae28bdf06750a71.js","commons-4af5aceb52a11e2529d8.js","a5a279c6efb1ddfe213568cbd50c797dea4336c7-0b2d2b8bd95b469585cf.js","e0ce75cb2ce40acf95cdf01721f0a89051d7381a-abf1560e537bd24e103c.js","98fecf8b727ef46bd453e7647b2a167b8606ae11-dfe2023ef5d603fd441a.js","f0c229423c630657c2c6a0ea83b173e5fc0c3026-58aa03d096fb17ac265b.js","component---src-pages-contact-us-tsx-183d0e801985a36c5dad.js","component---src-pages-campus-life-tsx-f648f3e61dc33edf211f.js"],"component---src-pages-contact-us-tsx":["styles.bc2547eb400dfb7b2c82.css","styles-89fd2ae28bdf06750a71.js","commons-4af5aceb52a11e2529d8.js","a5a279c6efb1ddfe213568cbd50c797dea4336c7-0b2d2b8bd95b469585cf.js","e0ce75cb2ce40acf95cdf01721f0a89051d7381a-abf1560e537bd24e103c.js","98fecf8b727ef46bd453e7647b2a167b8606ae11-dfe2023ef5d603fd441a.js","f0c229423c630657c2c6a0ea83b173e5fc0c3026-58aa03d096fb17ac265b.js","component---src-pages-contact-us-tsx-183d0e801985a36c5dad.js"],"component---src-pages-content-tsx":["styles.bc2547eb400dfb7b2c82.css","styles-89fd2ae28bdf06750a71.js","commons-4af5aceb52a11e2529d8.js","a5a279c6efb1ddfe213568cbd50c797dea4336c7-0b2d2b8bd95b469585cf.js","component---src-pages-content-tsx-d30d28429f4e5c77a7cf.js"],"component---src-pages-course-description-tsx":["styles.bc2547eb400dfb7b2c82.css","styles-89fd2ae28bdf06750a71.js","commons-4af5aceb52a11e2529d8.js","a5a279c6efb1ddfe213568cbd50c797dea4336c7-0b2d2b8bd95b469585cf.js","component---src-pages-course-description-tsx-5cb370fd3be1590dbccd.js"],"component---src-pages-courses-tsx":["styles.bc2547eb400dfb7b2c82.css","styles-89fd2ae28bdf06750a71.js","commons-4af5aceb52a11e2529d8.js","a5a279c6efb1ddfe213568cbd50c797dea4336c7-0b2d2b8bd95b469585cf.js","2c73ab3803f3544ef9e97bb9a0ce331e8ef5b785-1989f64965a363e2ce11.js","component---src-pages-courses-tsx-44fbf003e6ecb13b0638.js"],"component---src-pages-downloads-tsx":["styles.bc2547eb400dfb7b2c82.css","styles-89fd2ae28bdf06750a71.js","commons-4af5aceb52a11e2529d8.js","a5a279c6efb1ddfe213568cbd50c797dea4336c7-0b2d2b8bd95b469585cf.js","component---src-pages-downloads-tsx-ef6e8c6a16e7cc899596.js"],"component---src-pages-events-tsx":["styles.bc2547eb400dfb7b2c82.css","styles-89fd2ae28bdf06750a71.js","commons-4af5aceb52a11e2529d8.js","component---src-pages-events-tsx-5ca028e62ad325a548cf.js"],"component---src-pages-faqs-tsx":["styles.bc2547eb400dfb7b2c82.css","styles-89fd2ae28bdf06750a71.js","commons-4af5aceb52a11e2529d8.js","a5a279c6efb1ddfe213568cbd50c797dea4336c7-0b2d2b8bd95b469585cf.js","component---src-pages-faqs-tsx-fc6414ac2b4ab09ff6b1.js"],"component---src-pages-index-tsx":["styles.bc2547eb400dfb7b2c82.css","styles-89fd2ae28bdf06750a71.js","commons-4af5aceb52a11e2529d8.js","a5a279c6efb1ddfe213568cbd50c797dea4336c7-0b2d2b8bd95b469585cf.js","bc331dd4141ae13f15685fac79a15241ed1204e4-33db241f88cf4c054fe5.js","2c73ab3803f3544ef9e97bb9a0ce331e8ef5b785-1989f64965a363e2ce11.js","d4bba0e56524b98c7438ba84a7dae7c0b050da0f-f18b57f34dc1d7de9d74.js","component---src-pages-index-tsx-69cd2bb2948e246a3224.js"],"component---src-pages-login-tsx":["styles.bc2547eb400dfb7b2c82.css","styles-89fd2ae28bdf06750a71.js","commons-4af5aceb52a11e2529d8.js","a5a279c6efb1ddfe213568cbd50c797dea4336c7-0b2d2b8bd95b469585cf.js","e0ce75cb2ce40acf95cdf01721f0a89051d7381a-abf1560e537bd24e103c.js","0a0b8e0845f1b077b3fd5a2407f6e79f6ec9e958-162739b0920c7e2a5128.js","component---src-pages-login-tsx-5778fa522ad78685355f.js"],"component---src-pages-maintenance-tsx":["styles.bc2547eb400dfb7b2c82.css","styles-89fd2ae28bdf06750a71.js","commons-4af5aceb52a11e2529d8.js","component---src-pages-maintenance-tsx-f8e2ac20bd635733cc62.js"],"component---src-pages-notice-tsx":["styles.bc2547eb400dfb7b2c82.css","styles-89fd2ae28bdf06750a71.js","commons-4af5aceb52a11e2529d8.js","component---src-pages-notice-tsx-0c1a790a97d84d9e51ba.js"],"component---src-pages-post-tsx":["styles.bc2547eb400dfb7b2c82.css","styles-89fd2ae28bdf06750a71.js","commons-4af5aceb52a11e2529d8.js","component---src-pages-post-tsx-fc28d61819ffc8ddeb87.js"],"component---src-pages-privacyandterms-tsx":["styles.bc2547eb400dfb7b2c82.css","styles-89fd2ae28bdf06750a71.js","commons-4af5aceb52a11e2529d8.js","component---src-pages-privacyandterms-tsx-3c849be1625038b7d954.js"],"component---src-pages-research-and-development-tsx":["styles.bc2547eb400dfb7b2c82.css","styles-89fd2ae28bdf06750a71.js","commons-4af5aceb52a11e2529d8.js","a5a279c6efb1ddfe213568cbd50c797dea4336c7-0b2d2b8bd95b469585cf.js","component---src-pages-research-and-development-tsx-794b5013380432fc60ee.js"],"component---src-pages-schools-tsx":["styles.bc2547eb400dfb7b2c82.css","styles-89fd2ae28bdf06750a71.js","commons-4af5aceb52a11e2529d8.js","2c73ab3803f3544ef9e97bb9a0ce331e8ef5b785-1989f64965a363e2ce11.js","component---src-pages-schools-tsx-e13c4fa1120618648486.js"],"component---src-pages-tenders-tsx":["styles.bc2547eb400dfb7b2c82.css","styles-89fd2ae28bdf06750a71.js","commons-4af5aceb52a11e2529d8.js","a5a279c6efb1ddfe213568cbd50c797dea4336c7-0b2d2b8bd95b469585cf.js","component---src-pages-tenders-tsx-8d5545e481b4e93466d5.js"],"component---src-pages-vacancies-tsx":["styles.bc2547eb400dfb7b2c82.css","styles-89fd2ae28bdf06750a71.js","commons-4af5aceb52a11e2529d8.js","a5a279c6efb1ddfe213568cbd50c797dea4336c7-0b2d2b8bd95b469585cf.js","bc331dd4141ae13f15685fac79a15241ed1204e4-33db241f88cf4c054fe5.js","component---src-pages-vacancies-tsx-0bb70795acdb4fefcced.js"]}}