{"errors":[],"warnings":[],"namedChunkGroups":{"polyfill":{"chunks":[11,48],"assets":["webpack-runtime-1a2e4c902a47afddaefc.js","webpack-runtime-1a2e4c902a47afddaefc.js.map","polyfill-c05ae543d4c9209f3292.js","polyfill-c05ae543d4c9209f3292.js.map"],"children":{},"childAssets":{}},"app":{"chunks":[11,0,47,12],"assets":["webpack-runtime-1a2e4c902a47afddaefc.js","webpack-runtime-1a2e4c902a47afddaefc.js.map","styles.bc2547eb400dfb7b2c82.css","styles-89fd2ae28bdf06750a71.js","styles-89fd2ae28bdf06750a71.js.map","framework-130b97deaaa517f2b37c.js","framework-130b97deaaa517f2b37c.js.map","app-56f893e6eccc3b9ca03a.js","app-56f893e6eccc3b9ca03a.js.map"],"children":{},"childAssets":{}},"component---src-pages-404-tsx":{"chunks":[0,1,2,13],"assets":["styles.bc2547eb400dfb7b2c82.css","styles-89fd2ae28bdf06750a71.js","styles-89fd2ae28bdf06750a71.js.map","commons-4af5aceb52a11e2529d8.js","commons-4af5aceb52a11e2529d8.js.map","28161174a6081141bc3bfde6d568e30406bf15e0-0b2d2b8bd95b469585cf.js","28161174a6081141bc3bfde6d568e30406bf15e0-0b2d2b8bd95b469585cf.js.map","component---src-pages-404-tsx-251b4c813a35fa149be5.js","component---src-pages-404-tsx-251b4c813a35fa149be5.js.map"],"children":{},"childAssets":{}},"component---src-pages-about-us-tsx":{"chunks":[0,1,2,10,14],"assets":["styles.bc2547eb400dfb7b2c82.css","styles-89fd2ae28bdf06750a71.js","styles-89fd2ae28bdf06750a71.js.map","commons-4af5aceb52a11e2529d8.js","commons-4af5aceb52a11e2529d8.js.map","28161174a6081141bc3bfde6d568e30406bf15e0-0b2d2b8bd95b469585cf.js","28161174a6081141bc3bfde6d568e30406bf15e0-0b2d2b8bd95b469585cf.js.map","d4bba0e56524b98c7438ba84a7dae7c0b050da0f-2fcd6d9300117fd5a0ef.js","d4bba0e56524b98c7438ba84a7dae7c0b050da0f-2fcd6d9300117fd5a0ef.js.map","component---src-pages-about-us-tsx-81414af7d61af26ffc0a.js","component---src-pages-about-us-tsx-81414af7d61af26ffc0a.js.map"],"children":{},"childAssets":{}},"component---src-pages-admin-admin-layout-tsx":{"chunks":[0,1,3,4,5,6],"assets":["styles.bc2547eb400dfb7b2c82.css","styles-89fd2ae28bdf06750a71.js","styles-89fd2ae28bdf06750a71.js.map","commons-4af5aceb52a11e2529d8.js","commons-4af5aceb52a11e2529d8.js.map","48abf23a77c963a3f71481993e437914c952458d-abf1560e537bd24e103c.js","48abf23a77c963a3f71481993e437914c952458d-abf1560e537bd24e103c.js.map","333e27e5113a633af0e9405433ffbd99e5eba0da-aea2637e35a9f2cc5759.js","333e27e5113a633af0e9405433ffbd99e5eba0da-aea2637e35a9f2cc5759.js.map","863882b9337f38912db2c37cad3da935a978fe1a-85546ee65aacee587dec.js","863882b9337f38912db2c37cad3da935a978fe1a-85546ee65aacee587dec.js.map","component---src-pages-admin-admin-layout-tsx-6e02858843dd4dc63279.js","component---src-pages-admin-admin-layout-tsx-6e02858843dd4dc63279.js.map"],"children":{},"childAssets":{}},"component---src-pages-admin-careers-add-careers-tsx":{"chunks":[0,1,2,3,4,5,6,7,15],"assets":["styles.bc2547eb400dfb7b2c82.css","styles-89fd2ae28bdf06750a71.js","styles-89fd2ae28bdf06750a71.js.map","commons-4af5aceb52a11e2529d8.js","commons-4af5aceb52a11e2529d8.js.map","28161174a6081141bc3bfde6d568e30406bf15e0-0b2d2b8bd95b469585cf.js","28161174a6081141bc3bfde6d568e30406bf15e0-0b2d2b8bd95b469585cf.js.map","48abf23a77c963a3f71481993e437914c952458d-abf1560e537bd24e103c.js","48abf23a77c963a3f71481993e437914c952458d-abf1560e537bd24e103c.js.map","333e27e5113a633af0e9405433ffbd99e5eba0da-aea2637e35a9f2cc5759.js","333e27e5113a633af0e9405433ffbd99e5eba0da-aea2637e35a9f2cc5759.js.map","863882b9337f38912db2c37cad3da935a978fe1a-85546ee65aacee587dec.js","863882b9337f38912db2c37cad3da935a978fe1a-85546ee65aacee587dec.js.map","component---src-pages-admin-admin-layout-tsx-6e02858843dd4dc63279.js","component---src-pages-admin-admin-layout-tsx-6e02858843dd4dc63279.js.map","component---src-pages-contact-us-tsx-54ddec52e20e430ac5bc.js","component---src-pages-contact-us-tsx-54ddec52e20e430ac5bc.js.map","component---src-pages-admin-careers-add-careers-tsx-b381f3b52865f66c5b0c.js","component---src-pages-admin-careers-add-careers-tsx-b381f3b52865f66c5b0c.js.map"],"children":{},"childAssets":{}},"component---src-pages-admin-careers-index-tsx":{"chunks":[0,1,3,4,5,6,16],"assets":["styles.bc2547eb400dfb7b2c82.css","styles-89fd2ae28bdf06750a71.js","styles-89fd2ae28bdf06750a71.js.map","commons-4af5aceb52a11e2529d8.js","commons-4af5aceb52a11e2529d8.js.map","48abf23a77c963a3f71481993e437914c952458d-abf1560e537bd24e103c.js","48abf23a77c963a3f71481993e437914c952458d-abf1560e537bd24e103c.js.map","333e27e5113a633af0e9405433ffbd99e5eba0da-aea2637e35a9f2cc5759.js","333e27e5113a633af0e9405433ffbd99e5eba0da-aea2637e35a9f2cc5759.js.map","863882b9337f38912db2c37cad3da935a978fe1a-85546ee65aacee587dec.js","863882b9337f38912db2c37cad3da935a978fe1a-85546ee65aacee587dec.js.map","component---src-pages-admin-admin-layout-tsx-6e02858843dd4dc63279.js","component---src-pages-admin-admin-layout-tsx-6e02858843dd4dc63279.js.map","component---src-pages-admin-careers-index-tsx-89b38b97c38781e93bab.js","component---src-pages-admin-careers-index-tsx-89b38b97c38781e93bab.js.map"],"children":{},"childAssets":{}},"component---src-pages-admin-courses-add-course-tsx":{"chunks":[0,1,2,3,4,5,6,7,17],"assets":["styles.bc2547eb400dfb7b2c82.css","styles-89fd2ae28bdf06750a71.js","styles-89fd2ae28bdf06750a71.js.map","commons-4af5aceb52a11e2529d8.js","commons-4af5aceb52a11e2529d8.js.map","28161174a6081141bc3bfde6d568e30406bf15e0-0b2d2b8bd95b469585cf.js","28161174a6081141bc3bfde6d568e30406bf15e0-0b2d2b8bd95b469585cf.js.map","48abf23a77c963a3f71481993e437914c952458d-abf1560e537bd24e103c.js","48abf23a77c963a3f71481993e437914c952458d-abf1560e537bd24e103c.js.map","333e27e5113a633af0e9405433ffbd99e5eba0da-aea2637e35a9f2cc5759.js","333e27e5113a633af0e9405433ffbd99e5eba0da-aea2637e35a9f2cc5759.js.map","863882b9337f38912db2c37cad3da935a978fe1a-85546ee65aacee587dec.js","863882b9337f38912db2c37cad3da935a978fe1a-85546ee65aacee587dec.js.map","component---src-pages-admin-admin-layout-tsx-6e02858843dd4dc63279.js","component---src-pages-admin-admin-layout-tsx-6e02858843dd4dc63279.js.map","component---src-pages-contact-us-tsx-54ddec52e20e430ac5bc.js","component---src-pages-contact-us-tsx-54ddec52e20e430ac5bc.js.map","component---src-pages-admin-courses-add-course-tsx-a70839b6333ef7fbe81c.js","component---src-pages-admin-courses-add-course-tsx-a70839b6333ef7fbe81c.js.map"],"children":{},"childAssets":{}},"component---src-pages-admin-courses-index-tsx":{"chunks":[0,1,3,4,5,6,8,18],"assets":["styles.bc2547eb400dfb7b2c82.css","styles-89fd2ae28bdf06750a71.js","styles-89fd2ae28bdf06750a71.js.map","commons-4af5aceb52a11e2529d8.js","commons-4af5aceb52a11e2529d8.js.map","48abf23a77c963a3f71481993e437914c952458d-abf1560e537bd24e103c.js","48abf23a77c963a3f71481993e437914c952458d-abf1560e537bd24e103c.js.map","333e27e5113a633af0e9405433ffbd99e5eba0da-aea2637e35a9f2cc5759.js","333e27e5113a633af0e9405433ffbd99e5eba0da-aea2637e35a9f2cc5759.js.map","863882b9337f38912db2c37cad3da935a978fe1a-85546ee65aacee587dec.js","863882b9337f38912db2c37cad3da935a978fe1a-85546ee65aacee587dec.js.map","component---src-pages-admin-admin-layout-tsx-6e02858843dd4dc63279.js","component---src-pages-admin-admin-layout-tsx-6e02858843dd4dc63279.js.map","bc331dd4141ae13f15685fac79a15241ed1204e4-5583f007de97562ed811.js","bc331dd4141ae13f15685fac79a15241ed1204e4-5583f007de97562ed811.js.map","component---src-pages-admin-courses-index-tsx-0506e028b01efb833d50.js","component---src-pages-admin-courses-index-tsx-0506e028b01efb833d50.js.map"],"children":{},"childAssets":{}},"component---src-pages-admin-downloads-index-tsx":{"chunks":[0,1,3,4,5,6,19],"assets":["styles.bc2547eb400dfb7b2c82.css","styles-89fd2ae28bdf06750a71.js","styles-89fd2ae28bdf06750a71.js.map","commons-4af5aceb52a11e2529d8.js","commons-4af5aceb52a11e2529d8.js.map","48abf23a77c963a3f71481993e437914c952458d-abf1560e537bd24e103c.js","48abf23a77c963a3f71481993e437914c952458d-abf1560e537bd24e103c.js.map","333e27e5113a633af0e9405433ffbd99e5eba0da-aea2637e35a9f2cc5759.js","333e27e5113a633af0e9405433ffbd99e5eba0da-aea2637e35a9f2cc5759.js.map","863882b9337f38912db2c37cad3da935a978fe1a-85546ee65aacee587dec.js","863882b9337f38912db2c37cad3da935a978fe1a-85546ee65aacee587dec.js.map","component---src-pages-admin-admin-layout-tsx-6e02858843dd4dc63279.js","component---src-pages-admin-admin-layout-tsx-6e02858843dd4dc63279.js.map","component---src-pages-admin-downloads-index-tsx-2dc3215d7f2eeef4063d.js","component---src-pages-admin-downloads-index-tsx-2dc3215d7f2eeef4063d.js.map"],"children":{},"childAssets":{}},"component---src-pages-admin-events-add-event-tsx":{"chunks":[0,1,2,3,4,5,6,7,20],"assets":["styles.bc2547eb400dfb7b2c82.css","styles-89fd2ae28bdf06750a71.js","styles-89fd2ae28bdf06750a71.js.map","commons-4af5aceb52a11e2529d8.js","commons-4af5aceb52a11e2529d8.js.map","28161174a6081141bc3bfde6d568e30406bf15e0-0b2d2b8bd95b469585cf.js","28161174a6081141bc3bfde6d568e30406bf15e0-0b2d2b8bd95b469585cf.js.map","48abf23a77c963a3f71481993e437914c952458d-abf1560e537bd24e103c.js","48abf23a77c963a3f71481993e437914c952458d-abf1560e537bd24e103c.js.map","333e27e5113a633af0e9405433ffbd99e5eba0da-aea2637e35a9f2cc5759.js","333e27e5113a633af0e9405433ffbd99e5eba0da-aea2637e35a9f2cc5759.js.map","863882b9337f38912db2c37cad3da935a978fe1a-85546ee65aacee587dec.js","863882b9337f38912db2c37cad3da935a978fe1a-85546ee65aacee587dec.js.map","component---src-pages-admin-admin-layout-tsx-6e02858843dd4dc63279.js","component---src-pages-admin-admin-layout-tsx-6e02858843dd4dc63279.js.map","component---src-pages-contact-us-tsx-54ddec52e20e430ac5bc.js","component---src-pages-contact-us-tsx-54ddec52e20e430ac5bc.js.map","component---src-pages-admin-events-add-event-tsx-a6b6913b3fae3baced7c.js","component---src-pages-admin-events-add-event-tsx-a6b6913b3fae3baced7c.js.map"],"children":{},"childAssets":{}},"component---src-pages-admin-events-index-tsx":{"chunks":[0,1,3,4,5,6,8,21],"assets":["styles.bc2547eb400dfb7b2c82.css","styles-89fd2ae28bdf06750a71.js","styles-89fd2ae28bdf06750a71.js.map","commons-4af5aceb52a11e2529d8.js","commons-4af5aceb52a11e2529d8.js.map","48abf23a77c963a3f71481993e437914c952458d-abf1560e537bd24e103c.js","48abf23a77c963a3f71481993e437914c952458d-abf1560e537bd24e103c.js.map","333e27e5113a633af0e9405433ffbd99e5eba0da-aea2637e35a9f2cc5759.js","333e27e5113a633af0e9405433ffbd99e5eba0da-aea2637e35a9f2cc5759.js.map","863882b9337f38912db2c37cad3da935a978fe1a-85546ee65aacee587dec.js","863882b9337f38912db2c37cad3da935a978fe1a-85546ee65aacee587dec.js.map","component---src-pages-admin-admin-layout-tsx-6e02858843dd4dc63279.js","component---src-pages-admin-admin-layout-tsx-6e02858843dd4dc63279.js.map","bc331dd4141ae13f15685fac79a15241ed1204e4-5583f007de97562ed811.js","bc331dd4141ae13f15685fac79a15241ed1204e4-5583f007de97562ed811.js.map","component---src-pages-admin-events-index-tsx-d80be3fbea7e4d123d63.js","component---src-pages-admin-events-index-tsx-d80be3fbea7e4d123d63.js.map"],"children":{},"childAssets":{}},"component---src-pages-admin-index-tsx":{"chunks":[0,1,3,4,5,6,22],"assets":["styles.bc2547eb400dfb7b2c82.css","styles-89fd2ae28bdf06750a71.js","styles-89fd2ae28bdf06750a71.js.map","commons-4af5aceb52a11e2529d8.js","commons-4af5aceb52a11e2529d8.js.map","48abf23a77c963a3f71481993e437914c952458d-abf1560e537bd24e103c.js","48abf23a77c963a3f71481993e437914c952458d-abf1560e537bd24e103c.js.map","333e27e5113a633af0e9405433ffbd99e5eba0da-aea2637e35a9f2cc5759.js","333e27e5113a633af0e9405433ffbd99e5eba0da-aea2637e35a9f2cc5759.js.map","863882b9337f38912db2c37cad3da935a978fe1a-85546ee65aacee587dec.js","863882b9337f38912db2c37cad3da935a978fe1a-85546ee65aacee587dec.js.map","component---src-pages-admin-admin-layout-tsx-6e02858843dd4dc63279.js","component---src-pages-admin-admin-layout-tsx-6e02858843dd4dc63279.js.map","component---src-pages-admin-index-tsx-46713296748d7779e089.js","component---src-pages-admin-index-tsx-46713296748d7779e089.js.map"],"children":{},"childAssets":{}},"component---src-pages-admin-login-tsx":{"chunks":[0,1,5,23],"assets":["styles.bc2547eb400dfb7b2c82.css","styles-89fd2ae28bdf06750a71.js","styles-89fd2ae28bdf06750a71.js.map","commons-4af5aceb52a11e2529d8.js","commons-4af5aceb52a11e2529d8.js.map","863882b9337f38912db2c37cad3da935a978fe1a-85546ee65aacee587dec.js","863882b9337f38912db2c37cad3da935a978fe1a-85546ee65aacee587dec.js.map","component---src-pages-admin-login-tsx-b190fcd54a73f12eb666.js","component---src-pages-admin-login-tsx-b190fcd54a73f12eb666.js.map"],"children":{},"childAssets":{}},"component---src-pages-admin-news-index-tsx":{"chunks":[0,1,2,3,4,5,6,7,24],"assets":["styles.bc2547eb400dfb7b2c82.css","styles-89fd2ae28bdf06750a71.js","styles-89fd2ae28bdf06750a71.js.map","commons-4af5aceb52a11e2529d8.js","commons-4af5aceb52a11e2529d8.js.map","28161174a6081141bc3bfde6d568e30406bf15e0-0b2d2b8bd95b469585cf.js","28161174a6081141bc3bfde6d568e30406bf15e0-0b2d2b8bd95b469585cf.js.map","48abf23a77c963a3f71481993e437914c952458d-abf1560e537bd24e103c.js","48abf23a77c963a3f71481993e437914c952458d-abf1560e537bd24e103c.js.map","333e27e5113a633af0e9405433ffbd99e5eba0da-aea2637e35a9f2cc5759.js","333e27e5113a633af0e9405433ffbd99e5eba0da-aea2637e35a9f2cc5759.js.map","863882b9337f38912db2c37cad3da935a978fe1a-85546ee65aacee587dec.js","863882b9337f38912db2c37cad3da935a978fe1a-85546ee65aacee587dec.js.map","component---src-pages-admin-admin-layout-tsx-6e02858843dd4dc63279.js","component---src-pages-admin-admin-layout-tsx-6e02858843dd4dc63279.js.map","component---src-pages-contact-us-tsx-54ddec52e20e430ac5bc.js","component---src-pages-contact-us-tsx-54ddec52e20e430ac5bc.js.map","component---src-pages-admin-news-index-tsx-dfc4732291d5b904acd9.js","component---src-pages-admin-news-index-tsx-dfc4732291d5b904acd9.js.map"],"children":{},"childAssets":{}},"component---src-pages-admin-notices-index-tsx":{"chunks":[0,1,2,3,4,5,6,7,25],"assets":["styles.bc2547eb400dfb7b2c82.css","styles-89fd2ae28bdf06750a71.js","styles-89fd2ae28bdf06750a71.js.map","commons-4af5aceb52a11e2529d8.js","commons-4af5aceb52a11e2529d8.js.map","28161174a6081141bc3bfde6d568e30406bf15e0-0b2d2b8bd95b469585cf.js","28161174a6081141bc3bfde6d568e30406bf15e0-0b2d2b8bd95b469585cf.js.map","48abf23a77c963a3f71481993e437914c952458d-abf1560e537bd24e103c.js","48abf23a77c963a3f71481993e437914c952458d-abf1560e537bd24e103c.js.map","333e27e5113a633af0e9405433ffbd99e5eba0da-aea2637e35a9f2cc5759.js","333e27e5113a633af0e9405433ffbd99e5eba0da-aea2637e35a9f2cc5759.js.map","863882b9337f38912db2c37cad3da935a978fe1a-85546ee65aacee587dec.js","863882b9337f38912db2c37cad3da935a978fe1a-85546ee65aacee587dec.js.map","component---src-pages-admin-admin-layout-tsx-6e02858843dd4dc63279.js","component---src-pages-admin-admin-layout-tsx-6e02858843dd4dc63279.js.map","component---src-pages-contact-us-tsx-54ddec52e20e430ac5bc.js","component---src-pages-contact-us-tsx-54ddec52e20e430ac5bc.js.map","component---src-pages-admin-notices-index-tsx-63e03658df2f074d54df.js","component---src-pages-admin-notices-index-tsx-63e03658df2f074d54df.js.map"],"children":{},"childAssets":{}},"component---src-pages-admin-tenders-index-tsx":{"chunks":[0,1,3,4,5,6,26],"assets":["styles.bc2547eb400dfb7b2c82.css","styles-89fd2ae28bdf06750a71.js","styles-89fd2ae28bdf06750a71.js.map","commons-4af5aceb52a11e2529d8.js","commons-4af5aceb52a11e2529d8.js.map","48abf23a77c963a3f71481993e437914c952458d-abf1560e537bd24e103c.js","48abf23a77c963a3f71481993e437914c952458d-abf1560e537bd24e103c.js.map","333e27e5113a633af0e9405433ffbd99e5eba0da-aea2637e35a9f2cc5759.js","333e27e5113a633af0e9405433ffbd99e5eba0da-aea2637e35a9f2cc5759.js.map","863882b9337f38912db2c37cad3da935a978fe1a-85546ee65aacee587dec.js","863882b9337f38912db2c37cad3da935a978fe1a-85546ee65aacee587dec.js.map","component---src-pages-admin-admin-layout-tsx-6e02858843dd4dc63279.js","component---src-pages-admin-admin-layout-tsx-6e02858843dd4dc63279.js.map","component---src-pages-admin-tenders-index-tsx-a1bee51548134c3125e9.js","component---src-pages-admin-tenders-index-tsx-a1bee51548134c3125e9.js.map"],"children":{},"childAssets":{}},"component---src-pages-admin-website-forms-index-tsx":{"chunks":[0,1,3,4,5,6,8,27],"assets":["styles.bc2547eb400dfb7b2c82.css","styles-89fd2ae28bdf06750a71.js","styles-89fd2ae28bdf06750a71.js.map","commons-4af5aceb52a11e2529d8.js","commons-4af5aceb52a11e2529d8.js.map","48abf23a77c963a3f71481993e437914c952458d-abf1560e537bd24e103c.js","48abf23a77c963a3f71481993e437914c952458d-abf1560e537bd24e103c.js.map","333e27e5113a633af0e9405433ffbd99e5eba0da-aea2637e35a9f2cc5759.js","333e27e5113a633af0e9405433ffbd99e5eba0da-aea2637e35a9f2cc5759.js.map","863882b9337f38912db2c37cad3da935a978fe1a-85546ee65aacee587dec.js","863882b9337f38912db2c37cad3da935a978fe1a-85546ee65aacee587dec.js.map","component---src-pages-admin-admin-layout-tsx-6e02858843dd4dc63279.js","component---src-pages-admin-admin-layout-tsx-6e02858843dd4dc63279.js.map","bc331dd4141ae13f15685fac79a15241ed1204e4-5583f007de97562ed811.js","bc331dd4141ae13f15685fac79a15241ed1204e4-5583f007de97562ed811.js.map","component---src-pages-admin-website-forms-index-tsx-e2234050e53ce7801762.js","component---src-pages-admin-website-forms-index-tsx-e2234050e53ce7801762.js.map"],"children":{},"childAssets":{}},"component---src-pages-admissions-tsx":{"chunks":[0,1,2,28],"assets":["styles.bc2547eb400dfb7b2c82.css","styles-89fd2ae28bdf06750a71.js","styles-89fd2ae28bdf06750a71.js.map","commons-4af5aceb52a11e2529d8.js","commons-4af5aceb52a11e2529d8.js.map","28161174a6081141bc3bfde6d568e30406bf15e0-0b2d2b8bd95b469585cf.js","28161174a6081141bc3bfde6d568e30406bf15e0-0b2d2b8bd95b469585cf.js.map","component---src-pages-admissions-tsx-626f5df2e63300bd1dcf.js","component---src-pages-admissions-tsx-626f5df2e63300bd1dcf.js.map"],"children":{},"childAssets":{}},"component---src-pages-apply-online-tsx":{"chunks":[0,1,29],"assets":["styles.bc2547eb400dfb7b2c82.css","styles-89fd2ae28bdf06750a71.js","styles-89fd2ae28bdf06750a71.js.map","commons-4af5aceb52a11e2529d8.js","commons-4af5aceb52a11e2529d8.js.map","component---src-pages-apply-online-tsx-32434e53312a69d32396.js","component---src-pages-apply-online-tsx-32434e53312a69d32396.js.map"],"children":{},"childAssets":{}},"component---src-pages-campus-life-tsx":{"chunks":[0,1,2,3,4,7,30],"assets":["styles.bc2547eb400dfb7b2c82.css","styles-89fd2ae28bdf06750a71.js","styles-89fd2ae28bdf06750a71.js.map","commons-4af5aceb52a11e2529d8.js","commons-4af5aceb52a11e2529d8.js.map","28161174a6081141bc3bfde6d568e30406bf15e0-0b2d2b8bd95b469585cf.js","28161174a6081141bc3bfde6d568e30406bf15e0-0b2d2b8bd95b469585cf.js.map","48abf23a77c963a3f71481993e437914c952458d-abf1560e537bd24e103c.js","48abf23a77c963a3f71481993e437914c952458d-abf1560e537bd24e103c.js.map","333e27e5113a633af0e9405433ffbd99e5eba0da-aea2637e35a9f2cc5759.js","333e27e5113a633af0e9405433ffbd99e5eba0da-aea2637e35a9f2cc5759.js.map","component---src-pages-contact-us-tsx-54ddec52e20e430ac5bc.js","component---src-pages-contact-us-tsx-54ddec52e20e430ac5bc.js.map","component---src-pages-campus-life-tsx-aff14df1c4e13793dc8a.js","component---src-pages-campus-life-tsx-aff14df1c4e13793dc8a.js.map"],"children":{},"childAssets":{}},"component---src-pages-contact-us-tsx":{"chunks":[0,1,2,3,4,7],"assets":["styles.bc2547eb400dfb7b2c82.css","styles-89fd2ae28bdf06750a71.js","styles-89fd2ae28bdf06750a71.js.map","commons-4af5aceb52a11e2529d8.js","commons-4af5aceb52a11e2529d8.js.map","28161174a6081141bc3bfde6d568e30406bf15e0-0b2d2b8bd95b469585cf.js","28161174a6081141bc3bfde6d568e30406bf15e0-0b2d2b8bd95b469585cf.js.map","48abf23a77c963a3f71481993e437914c952458d-abf1560e537bd24e103c.js","48abf23a77c963a3f71481993e437914c952458d-abf1560e537bd24e103c.js.map","333e27e5113a633af0e9405433ffbd99e5eba0da-aea2637e35a9f2cc5759.js","333e27e5113a633af0e9405433ffbd99e5eba0da-aea2637e35a9f2cc5759.js.map","component---src-pages-contact-us-tsx-54ddec52e20e430ac5bc.js","component---src-pages-contact-us-tsx-54ddec52e20e430ac5bc.js.map"],"children":{},"childAssets":{}},"component---src-pages-content-tsx":{"chunks":[0,1,2,31],"assets":["styles.bc2547eb400dfb7b2c82.css","styles-89fd2ae28bdf06750a71.js","styles-89fd2ae28bdf06750a71.js.map","commons-4af5aceb52a11e2529d8.js","commons-4af5aceb52a11e2529d8.js.map","28161174a6081141bc3bfde6d568e30406bf15e0-0b2d2b8bd95b469585cf.js","28161174a6081141bc3bfde6d568e30406bf15e0-0b2d2b8bd95b469585cf.js.map","component---src-pages-content-tsx-a0239918477e38e7458f.js","component---src-pages-content-tsx-a0239918477e38e7458f.js.map"],"children":{},"childAssets":{}},"component---src-pages-course-description-tsx":{"chunks":[0,1,2,32],"assets":["styles.bc2547eb400dfb7b2c82.css","styles-89fd2ae28bdf06750a71.js","styles-89fd2ae28bdf06750a71.js.map","commons-4af5aceb52a11e2529d8.js","commons-4af5aceb52a11e2529d8.js.map","28161174a6081141bc3bfde6d568e30406bf15e0-0b2d2b8bd95b469585cf.js","28161174a6081141bc3bfde6d568e30406bf15e0-0b2d2b8bd95b469585cf.js.map","component---src-pages-course-description-tsx-2e51ec15f1cdd307e5b3.js","component---src-pages-course-description-tsx-2e51ec15f1cdd307e5b3.js.map"],"children":{},"childAssets":{}},"component---src-pages-courses-tsx":{"chunks":[0,1,2,9,33],"assets":["styles.bc2547eb400dfb7b2c82.css","styles-89fd2ae28bdf06750a71.js","styles-89fd2ae28bdf06750a71.js.map","commons-4af5aceb52a11e2529d8.js","commons-4af5aceb52a11e2529d8.js.map","28161174a6081141bc3bfde6d568e30406bf15e0-0b2d2b8bd95b469585cf.js","28161174a6081141bc3bfde6d568e30406bf15e0-0b2d2b8bd95b469585cf.js.map","2c73ab3803f3544ef9e97bb9a0ce331e8ef5b785-f889aa9cf090222ba5ae.js","2c73ab3803f3544ef9e97bb9a0ce331e8ef5b785-f889aa9cf090222ba5ae.js.map","component---src-pages-courses-tsx-64ff413bae0a266c079b.js","component---src-pages-courses-tsx-64ff413bae0a266c079b.js.map"],"children":{},"childAssets":{}},"component---src-pages-downloads-tsx":{"chunks":[0,1,2,34],"assets":["styles.bc2547eb400dfb7b2c82.css","styles-89fd2ae28bdf06750a71.js","styles-89fd2ae28bdf06750a71.js.map","commons-4af5aceb52a11e2529d8.js","commons-4af5aceb52a11e2529d8.js.map","28161174a6081141bc3bfde6d568e30406bf15e0-0b2d2b8bd95b469585cf.js","28161174a6081141bc3bfde6d568e30406bf15e0-0b2d2b8bd95b469585cf.js.map","component---src-pages-downloads-tsx-be798086a7005faa88d2.js","component---src-pages-downloads-tsx-be798086a7005faa88d2.js.map"],"children":{},"childAssets":{}},"component---src-pages-events-tsx":{"chunks":[0,1,35],"assets":["styles.bc2547eb400dfb7b2c82.css","styles-89fd2ae28bdf06750a71.js","styles-89fd2ae28bdf06750a71.js.map","commons-4af5aceb52a11e2529d8.js","commons-4af5aceb52a11e2529d8.js.map","component---src-pages-events-tsx-dce89fb204e882060890.js","component---src-pages-events-tsx-dce89fb204e882060890.js.map"],"children":{},"childAssets":{}},"component---src-pages-faqs-tsx":{"chunks":[0,1,2,36],"assets":["styles.bc2547eb400dfb7b2c82.css","styles-89fd2ae28bdf06750a71.js","styles-89fd2ae28bdf06750a71.js.map","commons-4af5aceb52a11e2529d8.js","commons-4af5aceb52a11e2529d8.js.map","28161174a6081141bc3bfde6d568e30406bf15e0-0b2d2b8bd95b469585cf.js","28161174a6081141bc3bfde6d568e30406bf15e0-0b2d2b8bd95b469585cf.js.map","component---src-pages-faqs-tsx-40080a5434c92855d40d.js","component---src-pages-faqs-tsx-40080a5434c92855d40d.js.map"],"children":{},"childAssets":{}},"component---src-pages-index-tsx":{"chunks":[0,1,2,8,9,10,37],"assets":["styles.bc2547eb400dfb7b2c82.css","styles-89fd2ae28bdf06750a71.js","styles-89fd2ae28bdf06750a71.js.map","commons-4af5aceb52a11e2529d8.js","commons-4af5aceb52a11e2529d8.js.map","28161174a6081141bc3bfde6d568e30406bf15e0-0b2d2b8bd95b469585cf.js","28161174a6081141bc3bfde6d568e30406bf15e0-0b2d2b8bd95b469585cf.js.map","bc331dd4141ae13f15685fac79a15241ed1204e4-5583f007de97562ed811.js","bc331dd4141ae13f15685fac79a15241ed1204e4-5583f007de97562ed811.js.map","2c73ab3803f3544ef9e97bb9a0ce331e8ef5b785-f889aa9cf090222ba5ae.js","2c73ab3803f3544ef9e97bb9a0ce331e8ef5b785-f889aa9cf090222ba5ae.js.map","d4bba0e56524b98c7438ba84a7dae7c0b050da0f-2fcd6d9300117fd5a0ef.js","d4bba0e56524b98c7438ba84a7dae7c0b050da0f-2fcd6d9300117fd5a0ef.js.map","component---src-pages-index-tsx-7368e39a02bdd8b4d124.js","component---src-pages-index-tsx-7368e39a02bdd8b4d124.js.map"],"children":{},"childAssets":{}},"component---src-pages-login-tsx":{"chunks":[0,1,2,3,5,38],"assets":["styles.bc2547eb400dfb7b2c82.css","styles-89fd2ae28bdf06750a71.js","styles-89fd2ae28bdf06750a71.js.map","commons-4af5aceb52a11e2529d8.js","commons-4af5aceb52a11e2529d8.js.map","28161174a6081141bc3bfde6d568e30406bf15e0-0b2d2b8bd95b469585cf.js","28161174a6081141bc3bfde6d568e30406bf15e0-0b2d2b8bd95b469585cf.js.map","48abf23a77c963a3f71481993e437914c952458d-abf1560e537bd24e103c.js","48abf23a77c963a3f71481993e437914c952458d-abf1560e537bd24e103c.js.map","863882b9337f38912db2c37cad3da935a978fe1a-85546ee65aacee587dec.js","863882b9337f38912db2c37cad3da935a978fe1a-85546ee65aacee587dec.js.map","component---src-pages-login-tsx-af7d260aa7cdb05c4290.js","component---src-pages-login-tsx-af7d260aa7cdb05c4290.js.map"],"children":{},"childAssets":{}},"component---src-pages-maintenance-tsx":{"chunks":[0,1,39],"assets":["styles.bc2547eb400dfb7b2c82.css","styles-89fd2ae28bdf06750a71.js","styles-89fd2ae28bdf06750a71.js.map","commons-4af5aceb52a11e2529d8.js","commons-4af5aceb52a11e2529d8.js.map","component---src-pages-maintenance-tsx-e596a8e848bd9dc2c1a5.js","component---src-pages-maintenance-tsx-e596a8e848bd9dc2c1a5.js.map"],"children":{},"childAssets":{}},"component---src-pages-notice-tsx":{"chunks":[0,1,40],"assets":["styles.bc2547eb400dfb7b2c82.css","styles-89fd2ae28bdf06750a71.js","styles-89fd2ae28bdf06750a71.js.map","commons-4af5aceb52a11e2529d8.js","commons-4af5aceb52a11e2529d8.js.map","component---src-pages-notice-tsx-128e97e855caf6f5d86e.js","component---src-pages-notice-tsx-128e97e855caf6f5d86e.js.map"],"children":{},"childAssets":{}},"component---src-pages-post-tsx":{"chunks":[0,1,41],"assets":["styles.bc2547eb400dfb7b2c82.css","styles-89fd2ae28bdf06750a71.js","styles-89fd2ae28bdf06750a71.js.map","commons-4af5aceb52a11e2529d8.js","commons-4af5aceb52a11e2529d8.js.map","component---src-pages-post-tsx-a1721d0bbe554e668b4e.js","component---src-pages-post-tsx-a1721d0bbe554e668b4e.js.map"],"children":{},"childAssets":{}},"component---src-pages-privacyandterms-tsx":{"chunks":[0,1,42],"assets":["styles.bc2547eb400dfb7b2c82.css","styles-89fd2ae28bdf06750a71.js","styles-89fd2ae28bdf06750a71.js.map","commons-4af5aceb52a11e2529d8.js","commons-4af5aceb52a11e2529d8.js.map","component---src-pages-privacyandterms-tsx-f30dfa9c093ca04ebd2c.js","component---src-pages-privacyandterms-tsx-f30dfa9c093ca04ebd2c.js.map"],"children":{},"childAssets":{}},"component---src-pages-research-and-development-tsx":{"chunks":[0,1,2,43],"assets":["styles.bc2547eb400dfb7b2c82.css","styles-89fd2ae28bdf06750a71.js","styles-89fd2ae28bdf06750a71.js.map","commons-4af5aceb52a11e2529d8.js","commons-4af5aceb52a11e2529d8.js.map","28161174a6081141bc3bfde6d568e30406bf15e0-0b2d2b8bd95b469585cf.js","28161174a6081141bc3bfde6d568e30406bf15e0-0b2d2b8bd95b469585cf.js.map","component---src-pages-research-and-development-tsx-cec064e6afebf71aaa5b.js","component---src-pages-research-and-development-tsx-cec064e6afebf71aaa5b.js.map"],"children":{},"childAssets":{}},"component---src-pages-schools-tsx":{"chunks":[0,1,9,44],"assets":["styles.bc2547eb400dfb7b2c82.css","styles-89fd2ae28bdf06750a71.js","styles-89fd2ae28bdf06750a71.js.map","commons-4af5aceb52a11e2529d8.js","commons-4af5aceb52a11e2529d8.js.map","2c73ab3803f3544ef9e97bb9a0ce331e8ef5b785-f889aa9cf090222ba5ae.js","2c73ab3803f3544ef9e97bb9a0ce331e8ef5b785-f889aa9cf090222ba5ae.js.map","component---src-pages-schools-tsx-df98eebbe4f8c279a26a.js","component---src-pages-schools-tsx-df98eebbe4f8c279a26a.js.map"],"children":{},"childAssets":{}},"component---src-pages-tenders-tsx":{"chunks":[0,1,2,45],"assets":["styles.bc2547eb400dfb7b2c82.css","styles-89fd2ae28bdf06750a71.js","styles-89fd2ae28bdf06750a71.js.map","commons-4af5aceb52a11e2529d8.js","commons-4af5aceb52a11e2529d8.js.map","28161174a6081141bc3bfde6d568e30406bf15e0-0b2d2b8bd95b469585cf.js","28161174a6081141bc3bfde6d568e30406bf15e0-0b2d2b8bd95b469585cf.js.map","component---src-pages-tenders-tsx-0ff4329d252ad62eb6b0.js","component---src-pages-tenders-tsx-0ff4329d252ad62eb6b0.js.map"],"children":{},"childAssets":{}},"component---src-pages-vacancies-tsx":{"chunks":[0,1,2,8,46],"assets":["styles.bc2547eb400dfb7b2c82.css","styles-89fd2ae28bdf06750a71.js","styles-89fd2ae28bdf06750a71.js.map","commons-4af5aceb52a11e2529d8.js","commons-4af5aceb52a11e2529d8.js.map","28161174a6081141bc3bfde6d568e30406bf15e0-0b2d2b8bd95b469585cf.js","28161174a6081141bc3bfde6d568e30406bf15e0-0b2d2b8bd95b469585cf.js.map","bc331dd4141ae13f15685fac79a15241ed1204e4-5583f007de97562ed811.js","bc331dd4141ae13f15685fac79a15241ed1204e4-5583f007de97562ed811.js.map","component---src-pages-vacancies-tsx-924e13f432e4fff01c32.js","component---src-pages-vacancies-tsx-924e13f432e4fff01c32.js.map"],"children":{},"childAssets":{}}},"assetsByChunkName":{"polyfill":["webpack-runtime-1a2e4c902a47afddaefc.js","polyfill-c05ae543d4c9209f3292.js"],"app":["webpack-runtime-1a2e4c902a47afddaefc.js","styles.bc2547eb400dfb7b2c82.css","styles-89fd2ae28bdf06750a71.js","framework-130b97deaaa517f2b37c.js","app-56f893e6eccc3b9ca03a.js"],"component---src-pages-404-tsx":["styles.bc2547eb400dfb7b2c82.css","styles-89fd2ae28bdf06750a71.js","commons-4af5aceb52a11e2529d8.js","28161174a6081141bc3bfde6d568e30406bf15e0-0b2d2b8bd95b469585cf.js","component---src-pages-404-tsx-251b4c813a35fa149be5.js"],"component---src-pages-about-us-tsx":["styles.bc2547eb400dfb7b2c82.css","styles-89fd2ae28bdf06750a71.js","commons-4af5aceb52a11e2529d8.js","28161174a6081141bc3bfde6d568e30406bf15e0-0b2d2b8bd95b469585cf.js","d4bba0e56524b98c7438ba84a7dae7c0b050da0f-2fcd6d9300117fd5a0ef.js","component---src-pages-about-us-tsx-81414af7d61af26ffc0a.js"],"component---src-pages-admin-admin-layout-tsx":["styles.bc2547eb400dfb7b2c82.css","styles-89fd2ae28bdf06750a71.js","commons-4af5aceb52a11e2529d8.js","48abf23a77c963a3f71481993e437914c952458d-abf1560e537bd24e103c.js","333e27e5113a633af0e9405433ffbd99e5eba0da-aea2637e35a9f2cc5759.js","863882b9337f38912db2c37cad3da935a978fe1a-85546ee65aacee587dec.js","component---src-pages-admin-admin-layout-tsx-6e02858843dd4dc63279.js"],"component---src-pages-admin-careers-add-careers-tsx":["styles.bc2547eb400dfb7b2c82.css","styles-89fd2ae28bdf06750a71.js","commons-4af5aceb52a11e2529d8.js","28161174a6081141bc3bfde6d568e30406bf15e0-0b2d2b8bd95b469585cf.js","48abf23a77c963a3f71481993e437914c952458d-abf1560e537bd24e103c.js","333e27e5113a633af0e9405433ffbd99e5eba0da-aea2637e35a9f2cc5759.js","863882b9337f38912db2c37cad3da935a978fe1a-85546ee65aacee587dec.js","component---src-pages-admin-admin-layout-tsx-6e02858843dd4dc63279.js","component---src-pages-contact-us-tsx-54ddec52e20e430ac5bc.js","component---src-pages-admin-careers-add-careers-tsx-b381f3b52865f66c5b0c.js"],"component---src-pages-admin-careers-index-tsx":["styles.bc2547eb400dfb7b2c82.css","styles-89fd2ae28bdf06750a71.js","commons-4af5aceb52a11e2529d8.js","48abf23a77c963a3f71481993e437914c952458d-abf1560e537bd24e103c.js","333e27e5113a633af0e9405433ffbd99e5eba0da-aea2637e35a9f2cc5759.js","863882b9337f38912db2c37cad3da935a978fe1a-85546ee65aacee587dec.js","component---src-pages-admin-admin-layout-tsx-6e02858843dd4dc63279.js","component---src-pages-admin-careers-index-tsx-89b38b97c38781e93bab.js"],"component---src-pages-admin-courses-add-course-tsx":["styles.bc2547eb400dfb7b2c82.css","styles-89fd2ae28bdf06750a71.js","commons-4af5aceb52a11e2529d8.js","28161174a6081141bc3bfde6d568e30406bf15e0-0b2d2b8bd95b469585cf.js","48abf23a77c963a3f71481993e437914c952458d-abf1560e537bd24e103c.js","333e27e5113a633af0e9405433ffbd99e5eba0da-aea2637e35a9f2cc5759.js","863882b9337f38912db2c37cad3da935a978fe1a-85546ee65aacee587dec.js","component---src-pages-admin-admin-layout-tsx-6e02858843dd4dc63279.js","component---src-pages-contact-us-tsx-54ddec52e20e430ac5bc.js","component---src-pages-admin-courses-add-course-tsx-a70839b6333ef7fbe81c.js"],"component---src-pages-admin-courses-index-tsx":["styles.bc2547eb400dfb7b2c82.css","styles-89fd2ae28bdf06750a71.js","commons-4af5aceb52a11e2529d8.js","48abf23a77c963a3f71481993e437914c952458d-abf1560e537bd24e103c.js","333e27e5113a633af0e9405433ffbd99e5eba0da-aea2637e35a9f2cc5759.js","863882b9337f38912db2c37cad3da935a978fe1a-85546ee65aacee587dec.js","component---src-pages-admin-admin-layout-tsx-6e02858843dd4dc63279.js","bc331dd4141ae13f15685fac79a15241ed1204e4-5583f007de97562ed811.js","component---src-pages-admin-courses-index-tsx-0506e028b01efb833d50.js"],"component---src-pages-admin-downloads-index-tsx":["styles.bc2547eb400dfb7b2c82.css","styles-89fd2ae28bdf06750a71.js","commons-4af5aceb52a11e2529d8.js","48abf23a77c963a3f71481993e437914c952458d-abf1560e537bd24e103c.js","333e27e5113a633af0e9405433ffbd99e5eba0da-aea2637e35a9f2cc5759.js","863882b9337f38912db2c37cad3da935a978fe1a-85546ee65aacee587dec.js","component---src-pages-admin-admin-layout-tsx-6e02858843dd4dc63279.js","component---src-pages-admin-downloads-index-tsx-2dc3215d7f2eeef4063d.js"],"component---src-pages-admin-events-add-event-tsx":["styles.bc2547eb400dfb7b2c82.css","styles-89fd2ae28bdf06750a71.js","commons-4af5aceb52a11e2529d8.js","28161174a6081141bc3bfde6d568e30406bf15e0-0b2d2b8bd95b469585cf.js","48abf23a77c963a3f71481993e437914c952458d-abf1560e537bd24e103c.js","333e27e5113a633af0e9405433ffbd99e5eba0da-aea2637e35a9f2cc5759.js","863882b9337f38912db2c37cad3da935a978fe1a-85546ee65aacee587dec.js","component---src-pages-admin-admin-layout-tsx-6e02858843dd4dc63279.js","component---src-pages-contact-us-tsx-54ddec52e20e430ac5bc.js","component---src-pages-admin-events-add-event-tsx-a6b6913b3fae3baced7c.js"],"component---src-pages-admin-events-index-tsx":["styles.bc2547eb400dfb7b2c82.css","styles-89fd2ae28bdf06750a71.js","commons-4af5aceb52a11e2529d8.js","48abf23a77c963a3f71481993e437914c952458d-abf1560e537bd24e103c.js","333e27e5113a633af0e9405433ffbd99e5eba0da-aea2637e35a9f2cc5759.js","863882b9337f38912db2c37cad3da935a978fe1a-85546ee65aacee587dec.js","component---src-pages-admin-admin-layout-tsx-6e02858843dd4dc63279.js","bc331dd4141ae13f15685fac79a15241ed1204e4-5583f007de97562ed811.js","component---src-pages-admin-events-index-tsx-d80be3fbea7e4d123d63.js"],"component---src-pages-admin-index-tsx":["styles.bc2547eb400dfb7b2c82.css","styles-89fd2ae28bdf06750a71.js","commons-4af5aceb52a11e2529d8.js","48abf23a77c963a3f71481993e437914c952458d-abf1560e537bd24e103c.js","333e27e5113a633af0e9405433ffbd99e5eba0da-aea2637e35a9f2cc5759.js","863882b9337f38912db2c37cad3da935a978fe1a-85546ee65aacee587dec.js","component---src-pages-admin-admin-layout-tsx-6e02858843dd4dc63279.js","component---src-pages-admin-index-tsx-46713296748d7779e089.js"],"component---src-pages-admin-login-tsx":["styles.bc2547eb400dfb7b2c82.css","styles-89fd2ae28bdf06750a71.js","commons-4af5aceb52a11e2529d8.js","863882b9337f38912db2c37cad3da935a978fe1a-85546ee65aacee587dec.js","component---src-pages-admin-login-tsx-b190fcd54a73f12eb666.js"],"component---src-pages-admin-news-index-tsx":["styles.bc2547eb400dfb7b2c82.css","styles-89fd2ae28bdf06750a71.js","commons-4af5aceb52a11e2529d8.js","28161174a6081141bc3bfde6d568e30406bf15e0-0b2d2b8bd95b469585cf.js","48abf23a77c963a3f71481993e437914c952458d-abf1560e537bd24e103c.js","333e27e5113a633af0e9405433ffbd99e5eba0da-aea2637e35a9f2cc5759.js","863882b9337f38912db2c37cad3da935a978fe1a-85546ee65aacee587dec.js","component---src-pages-admin-admin-layout-tsx-6e02858843dd4dc63279.js","component---src-pages-contact-us-tsx-54ddec52e20e430ac5bc.js","component---src-pages-admin-news-index-tsx-dfc4732291d5b904acd9.js"],"component---src-pages-admin-notices-index-tsx":["styles.bc2547eb400dfb7b2c82.css","styles-89fd2ae28bdf06750a71.js","commons-4af5aceb52a11e2529d8.js","28161174a6081141bc3bfde6d568e30406bf15e0-0b2d2b8bd95b469585cf.js","48abf23a77c963a3f71481993e437914c952458d-abf1560e537bd24e103c.js","333e27e5113a633af0e9405433ffbd99e5eba0da-aea2637e35a9f2cc5759.js","863882b9337f38912db2c37cad3da935a978fe1a-85546ee65aacee587dec.js","component---src-pages-admin-admin-layout-tsx-6e02858843dd4dc63279.js","component---src-pages-contact-us-tsx-54ddec52e20e430ac5bc.js","component---src-pages-admin-notices-index-tsx-63e03658df2f074d54df.js"],"component---src-pages-admin-tenders-index-tsx":["styles.bc2547eb400dfb7b2c82.css","styles-89fd2ae28bdf06750a71.js","commons-4af5aceb52a11e2529d8.js","48abf23a77c963a3f71481993e437914c952458d-abf1560e537bd24e103c.js","333e27e5113a633af0e9405433ffbd99e5eba0da-aea2637e35a9f2cc5759.js","863882b9337f38912db2c37cad3da935a978fe1a-85546ee65aacee587dec.js","component---src-pages-admin-admin-layout-tsx-6e02858843dd4dc63279.js","component---src-pages-admin-tenders-index-tsx-a1bee51548134c3125e9.js"],"component---src-pages-admin-website-forms-index-tsx":["styles.bc2547eb400dfb7b2c82.css","styles-89fd2ae28bdf06750a71.js","commons-4af5aceb52a11e2529d8.js","48abf23a77c963a3f71481993e437914c952458d-abf1560e537bd24e103c.js","333e27e5113a633af0e9405433ffbd99e5eba0da-aea2637e35a9f2cc5759.js","863882b9337f38912db2c37cad3da935a978fe1a-85546ee65aacee587dec.js","component---src-pages-admin-admin-layout-tsx-6e02858843dd4dc63279.js","bc331dd4141ae13f15685fac79a15241ed1204e4-5583f007de97562ed811.js","component---src-pages-admin-website-forms-index-tsx-e2234050e53ce7801762.js"],"component---src-pages-admissions-tsx":["styles.bc2547eb400dfb7b2c82.css","styles-89fd2ae28bdf06750a71.js","commons-4af5aceb52a11e2529d8.js","28161174a6081141bc3bfde6d568e30406bf15e0-0b2d2b8bd95b469585cf.js","component---src-pages-admissions-tsx-626f5df2e63300bd1dcf.js"],"component---src-pages-apply-online-tsx":["styles.bc2547eb400dfb7b2c82.css","styles-89fd2ae28bdf06750a71.js","commons-4af5aceb52a11e2529d8.js","component---src-pages-apply-online-tsx-32434e53312a69d32396.js"],"component---src-pages-campus-life-tsx":["styles.bc2547eb400dfb7b2c82.css","styles-89fd2ae28bdf06750a71.js","commons-4af5aceb52a11e2529d8.js","28161174a6081141bc3bfde6d568e30406bf15e0-0b2d2b8bd95b469585cf.js","48abf23a77c963a3f71481993e437914c952458d-abf1560e537bd24e103c.js","333e27e5113a633af0e9405433ffbd99e5eba0da-aea2637e35a9f2cc5759.js","component---src-pages-contact-us-tsx-54ddec52e20e430ac5bc.js","component---src-pages-campus-life-tsx-aff14df1c4e13793dc8a.js"],"component---src-pages-contact-us-tsx":["styles.bc2547eb400dfb7b2c82.css","styles-89fd2ae28bdf06750a71.js","commons-4af5aceb52a11e2529d8.js","28161174a6081141bc3bfde6d568e30406bf15e0-0b2d2b8bd95b469585cf.js","48abf23a77c963a3f71481993e437914c952458d-abf1560e537bd24e103c.js","333e27e5113a633af0e9405433ffbd99e5eba0da-aea2637e35a9f2cc5759.js","component---src-pages-contact-us-tsx-54ddec52e20e430ac5bc.js"],"component---src-pages-content-tsx":["styles.bc2547eb400dfb7b2c82.css","styles-89fd2ae28bdf06750a71.js","commons-4af5aceb52a11e2529d8.js","28161174a6081141bc3bfde6d568e30406bf15e0-0b2d2b8bd95b469585cf.js","component---src-pages-content-tsx-a0239918477e38e7458f.js"],"component---src-pages-course-description-tsx":["styles.bc2547eb400dfb7b2c82.css","styles-89fd2ae28bdf06750a71.js","commons-4af5aceb52a11e2529d8.js","28161174a6081141bc3bfde6d568e30406bf15e0-0b2d2b8bd95b469585cf.js","component---src-pages-course-description-tsx-2e51ec15f1cdd307e5b3.js"],"component---src-pages-courses-tsx":["styles.bc2547eb400dfb7b2c82.css","styles-89fd2ae28bdf06750a71.js","commons-4af5aceb52a11e2529d8.js","28161174a6081141bc3bfde6d568e30406bf15e0-0b2d2b8bd95b469585cf.js","2c73ab3803f3544ef9e97bb9a0ce331e8ef5b785-f889aa9cf090222ba5ae.js","component---src-pages-courses-tsx-64ff413bae0a266c079b.js"],"component---src-pages-downloads-tsx":["styles.bc2547eb400dfb7b2c82.css","styles-89fd2ae28bdf06750a71.js","commons-4af5aceb52a11e2529d8.js","28161174a6081141bc3bfde6d568e30406bf15e0-0b2d2b8bd95b469585cf.js","component---src-pages-downloads-tsx-be798086a7005faa88d2.js"],"component---src-pages-events-tsx":["styles.bc2547eb400dfb7b2c82.css","styles-89fd2ae28bdf06750a71.js","commons-4af5aceb52a11e2529d8.js","component---src-pages-events-tsx-dce89fb204e882060890.js"],"component---src-pages-faqs-tsx":["styles.bc2547eb400dfb7b2c82.css","styles-89fd2ae28bdf06750a71.js","commons-4af5aceb52a11e2529d8.js","28161174a6081141bc3bfde6d568e30406bf15e0-0b2d2b8bd95b469585cf.js","component---src-pages-faqs-tsx-40080a5434c92855d40d.js"],"component---src-pages-index-tsx":["styles.bc2547eb400dfb7b2c82.css","styles-89fd2ae28bdf06750a71.js","commons-4af5aceb52a11e2529d8.js","28161174a6081141bc3bfde6d568e30406bf15e0-0b2d2b8bd95b469585cf.js","bc331dd4141ae13f15685fac79a15241ed1204e4-5583f007de97562ed811.js","2c73ab3803f3544ef9e97bb9a0ce331e8ef5b785-f889aa9cf090222ba5ae.js","d4bba0e56524b98c7438ba84a7dae7c0b050da0f-2fcd6d9300117fd5a0ef.js","component---src-pages-index-tsx-7368e39a02bdd8b4d124.js"],"component---src-pages-login-tsx":["styles.bc2547eb400dfb7b2c82.css","styles-89fd2ae28bdf06750a71.js","commons-4af5aceb52a11e2529d8.js","28161174a6081141bc3bfde6d568e30406bf15e0-0b2d2b8bd95b469585cf.js","48abf23a77c963a3f71481993e437914c952458d-abf1560e537bd24e103c.js","863882b9337f38912db2c37cad3da935a978fe1a-85546ee65aacee587dec.js","component---src-pages-login-tsx-af7d260aa7cdb05c4290.js"],"component---src-pages-maintenance-tsx":["styles.bc2547eb400dfb7b2c82.css","styles-89fd2ae28bdf06750a71.js","commons-4af5aceb52a11e2529d8.js","component---src-pages-maintenance-tsx-e596a8e848bd9dc2c1a5.js"],"component---src-pages-notice-tsx":["styles.bc2547eb400dfb7b2c82.css","styles-89fd2ae28bdf06750a71.js","commons-4af5aceb52a11e2529d8.js","component---src-pages-notice-tsx-128e97e855caf6f5d86e.js"],"component---src-pages-post-tsx":["styles.bc2547eb400dfb7b2c82.css","styles-89fd2ae28bdf06750a71.js","commons-4af5aceb52a11e2529d8.js","component---src-pages-post-tsx-a1721d0bbe554e668b4e.js"],"component---src-pages-privacyandterms-tsx":["styles.bc2547eb400dfb7b2c82.css","styles-89fd2ae28bdf06750a71.js","commons-4af5aceb52a11e2529d8.js","component---src-pages-privacyandterms-tsx-f30dfa9c093ca04ebd2c.js"],"component---src-pages-research-and-development-tsx":["styles.bc2547eb400dfb7b2c82.css","styles-89fd2ae28bdf06750a71.js","commons-4af5aceb52a11e2529d8.js","28161174a6081141bc3bfde6d568e30406bf15e0-0b2d2b8bd95b469585cf.js","component---src-pages-research-and-development-tsx-cec064e6afebf71aaa5b.js"],"component---src-pages-schools-tsx":["styles.bc2547eb400dfb7b2c82.css","styles-89fd2ae28bdf06750a71.js","commons-4af5aceb52a11e2529d8.js","2c73ab3803f3544ef9e97bb9a0ce331e8ef5b785-f889aa9cf090222ba5ae.js","component---src-pages-schools-tsx-df98eebbe4f8c279a26a.js"],"component---src-pages-tenders-tsx":["styles.bc2547eb400dfb7b2c82.css","styles-89fd2ae28bdf06750a71.js","commons-4af5aceb52a11e2529d8.js","28161174a6081141bc3bfde6d568e30406bf15e0-0b2d2b8bd95b469585cf.js","component---src-pages-tenders-tsx-0ff4329d252ad62eb6b0.js"],"component---src-pages-vacancies-tsx":["styles.bc2547eb400dfb7b2c82.css","styles-89fd2ae28bdf06750a71.js","commons-4af5aceb52a11e2529d8.js","28161174a6081141bc3bfde6d568e30406bf15e0-0b2d2b8bd95b469585cf.js","bc331dd4141ae13f15685fac79a15241ed1204e4-5583f007de97562ed811.js","component---src-pages-vacancies-tsx-924e13f432e4fff01c32.js"]}}