{"errors":[],"warnings":[],"namedChunkGroups":{"polyfill":{"chunks":[10,43],"assets":["webpack-runtime-6820817a606e594573e9.js","webpack-runtime-6820817a606e594573e9.js.map","polyfill-ab03d1dd9296e00ace3d.js","polyfill-ab03d1dd9296e00ace3d.js.map"],"children":{},"childAssets":{}},"app":{"chunks":[10,0,42,11],"assets":["webpack-runtime-6820817a606e594573e9.js","webpack-runtime-6820817a606e594573e9.js.map","styles.7c7cae7e2a079cbb4f7b.css","styles-89fd2ae28bdf06750a71.js","styles-89fd2ae28bdf06750a71.js.map","framework-602cbbe1188f8c2e32f3.js","framework-602cbbe1188f8c2e32f3.js.map","app-2a354569f894bd126a7b.js","app-2a354569f894bd126a7b.js.map"],"children":{},"childAssets":{}},"component---src-pages-404-tsx":{"chunks":[0,1,2,12],"assets":["styles.7c7cae7e2a079cbb4f7b.css","styles-89fd2ae28bdf06750a71.js","styles-89fd2ae28bdf06750a71.js.map","commons-e157eeea623ec0dd29dc.js","commons-e157eeea623ec0dd29dc.js.map","27c3419ff04567782ca93d42f686386092587a57-0b2d2b8bd95b469585cf.js","27c3419ff04567782ca93d42f686386092587a57-0b2d2b8bd95b469585cf.js.map","component---src-pages-404-tsx-65c80590fba00a14dc61.js","component---src-pages-404-tsx-65c80590fba00a14dc61.js.map"],"children":{},"childAssets":{}},"component---src-pages-about-us-tsx":{"chunks":[0,1,2,9,13],"assets":["styles.7c7cae7e2a079cbb4f7b.css","styles-89fd2ae28bdf06750a71.js","styles-89fd2ae28bdf06750a71.js.map","commons-e157eeea623ec0dd29dc.js","commons-e157eeea623ec0dd29dc.js.map","27c3419ff04567782ca93d42f686386092587a57-0b2d2b8bd95b469585cf.js","27c3419ff04567782ca93d42f686386092587a57-0b2d2b8bd95b469585cf.js.map","d4bba0e56524b98c7438ba84a7dae7c0b050da0f-7f494c6cf17f83b74a4a.js","d4bba0e56524b98c7438ba84a7dae7c0b050da0f-7f494c6cf17f83b74a4a.js.map","component---src-pages-about-us-tsx-1af7e67cf8c4d11ce5b8.js","component---src-pages-about-us-tsx-1af7e67cf8c4d11ce5b8.js.map"],"children":{},"childAssets":{}},"component---src-pages-admin-admin-layout-tsx":{"chunks":[0,1,3,5,4,6],"assets":["styles.7c7cae7e2a079cbb4f7b.css","styles-89fd2ae28bdf06750a71.js","styles-89fd2ae28bdf06750a71.js.map","commons-e157eeea623ec0dd29dc.js","commons-e157eeea623ec0dd29dc.js.map","123687157b02fa98fd45a974d1aa22a4c54ec6f2-abf1560e537bd24e103c.js","123687157b02fa98fd45a974d1aa22a4c54ec6f2-abf1560e537bd24e103c.js.map","ac6e28de0d607e89ecd045fa4d5a475eab865ce9-f61b0c6005cefcab71e5.js","ac6e28de0d607e89ecd045fa4d5a475eab865ce9-f61b0c6005cefcab71e5.js.map","139261271cbbaa93e46cb86ebc02b71ee3c50220-162739b0920c7e2a5128.js","139261271cbbaa93e46cb86ebc02b71ee3c50220-162739b0920c7e2a5128.js.map","component---src-pages-admin-admin-layout-tsx-1ddd78f451a7b5acca80.js","component---src-pages-admin-admin-layout-tsx-1ddd78f451a7b5acca80.js.map"],"children":{},"childAssets":{}},"component---src-pages-admin-careers-index-tsx":{"chunks":[0,1,3,5,4,6,14],"assets":["styles.7c7cae7e2a079cbb4f7b.css","styles-89fd2ae28bdf06750a71.js","styles-89fd2ae28bdf06750a71.js.map","commons-e157eeea623ec0dd29dc.js","commons-e157eeea623ec0dd29dc.js.map","123687157b02fa98fd45a974d1aa22a4c54ec6f2-abf1560e537bd24e103c.js","123687157b02fa98fd45a974d1aa22a4c54ec6f2-abf1560e537bd24e103c.js.map","ac6e28de0d607e89ecd045fa4d5a475eab865ce9-f61b0c6005cefcab71e5.js","ac6e28de0d607e89ecd045fa4d5a475eab865ce9-f61b0c6005cefcab71e5.js.map","139261271cbbaa93e46cb86ebc02b71ee3c50220-162739b0920c7e2a5128.js","139261271cbbaa93e46cb86ebc02b71ee3c50220-162739b0920c7e2a5128.js.map","component---src-pages-admin-admin-layout-tsx-1ddd78f451a7b5acca80.js","component---src-pages-admin-admin-layout-tsx-1ddd78f451a7b5acca80.js.map","component---src-pages-admin-careers-index-tsx-8052270d493856ea0f35.js","component---src-pages-admin-careers-index-tsx-8052270d493856ea0f35.js.map"],"children":{},"childAssets":{}},"component---src-pages-admin-courses-courses-tsx":{"chunks":[0,1,3,5,4,6,15],"assets":["styles.7c7cae7e2a079cbb4f7b.css","styles-89fd2ae28bdf06750a71.js","styles-89fd2ae28bdf06750a71.js.map","commons-e157eeea623ec0dd29dc.js","commons-e157eeea623ec0dd29dc.js.map","123687157b02fa98fd45a974d1aa22a4c54ec6f2-abf1560e537bd24e103c.js","123687157b02fa98fd45a974d1aa22a4c54ec6f2-abf1560e537bd24e103c.js.map","ac6e28de0d607e89ecd045fa4d5a475eab865ce9-f61b0c6005cefcab71e5.js","ac6e28de0d607e89ecd045fa4d5a475eab865ce9-f61b0c6005cefcab71e5.js.map","139261271cbbaa93e46cb86ebc02b71ee3c50220-162739b0920c7e2a5128.js","139261271cbbaa93e46cb86ebc02b71ee3c50220-162739b0920c7e2a5128.js.map","component---src-pages-admin-admin-layout-tsx-1ddd78f451a7b5acca80.js","component---src-pages-admin-admin-layout-tsx-1ddd78f451a7b5acca80.js.map","component---src-pages-admin-courses-courses-tsx-d096a91467d72c20ae76.js","component---src-pages-admin-courses-courses-tsx-d096a91467d72c20ae76.js.map"],"children":{},"childAssets":{}},"component---src-pages-admin-courses-index-tsx":{"chunks":[0,1,2,3,5,4,6,7,16],"assets":["styles.7c7cae7e2a079cbb4f7b.css","styles-89fd2ae28bdf06750a71.js","styles-89fd2ae28bdf06750a71.js.map","commons-e157eeea623ec0dd29dc.js","commons-e157eeea623ec0dd29dc.js.map","27c3419ff04567782ca93d42f686386092587a57-0b2d2b8bd95b469585cf.js","27c3419ff04567782ca93d42f686386092587a57-0b2d2b8bd95b469585cf.js.map","123687157b02fa98fd45a974d1aa22a4c54ec6f2-abf1560e537bd24e103c.js","123687157b02fa98fd45a974d1aa22a4c54ec6f2-abf1560e537bd24e103c.js.map","ac6e28de0d607e89ecd045fa4d5a475eab865ce9-f61b0c6005cefcab71e5.js","ac6e28de0d607e89ecd045fa4d5a475eab865ce9-f61b0c6005cefcab71e5.js.map","139261271cbbaa93e46cb86ebc02b71ee3c50220-162739b0920c7e2a5128.js","139261271cbbaa93e46cb86ebc02b71ee3c50220-162739b0920c7e2a5128.js.map","component---src-pages-admin-admin-layout-tsx-1ddd78f451a7b5acca80.js","component---src-pages-admin-admin-layout-tsx-1ddd78f451a7b5acca80.js.map","component---src-pages-contact-us-tsx-02aaa5dd24452be6ea10.js","component---src-pages-contact-us-tsx-02aaa5dd24452be6ea10.js.map","component---src-pages-admin-courses-index-tsx-adca3233a5daad992427.js","component---src-pages-admin-courses-index-tsx-adca3233a5daad992427.js.map"],"children":{},"childAssets":{}},"component---src-pages-admin-downloads-index-tsx":{"chunks":[0,1,3,5,4,6,17],"assets":["styles.7c7cae7e2a079cbb4f7b.css","styles-89fd2ae28bdf06750a71.js","styles-89fd2ae28bdf06750a71.js.map","commons-e157eeea623ec0dd29dc.js","commons-e157eeea623ec0dd29dc.js.map","123687157b02fa98fd45a974d1aa22a4c54ec6f2-abf1560e537bd24e103c.js","123687157b02fa98fd45a974d1aa22a4c54ec6f2-abf1560e537bd24e103c.js.map","ac6e28de0d607e89ecd045fa4d5a475eab865ce9-f61b0c6005cefcab71e5.js","ac6e28de0d607e89ecd045fa4d5a475eab865ce9-f61b0c6005cefcab71e5.js.map","139261271cbbaa93e46cb86ebc02b71ee3c50220-162739b0920c7e2a5128.js","139261271cbbaa93e46cb86ebc02b71ee3c50220-162739b0920c7e2a5128.js.map","component---src-pages-admin-admin-layout-tsx-1ddd78f451a7b5acca80.js","component---src-pages-admin-admin-layout-tsx-1ddd78f451a7b5acca80.js.map","component---src-pages-admin-downloads-index-tsx-b873b0612ea28681ac27.js","component---src-pages-admin-downloads-index-tsx-b873b0612ea28681ac27.js.map"],"children":{},"childAssets":{}},"component---src-pages-admin-events-index-tsx":{"chunks":[0,1,3,5,4,6,18],"assets":["styles.7c7cae7e2a079cbb4f7b.css","styles-89fd2ae28bdf06750a71.js","styles-89fd2ae28bdf06750a71.js.map","commons-e157eeea623ec0dd29dc.js","commons-e157eeea623ec0dd29dc.js.map","123687157b02fa98fd45a974d1aa22a4c54ec6f2-abf1560e537bd24e103c.js","123687157b02fa98fd45a974d1aa22a4c54ec6f2-abf1560e537bd24e103c.js.map","ac6e28de0d607e89ecd045fa4d5a475eab865ce9-f61b0c6005cefcab71e5.js","ac6e28de0d607e89ecd045fa4d5a475eab865ce9-f61b0c6005cefcab71e5.js.map","139261271cbbaa93e46cb86ebc02b71ee3c50220-162739b0920c7e2a5128.js","139261271cbbaa93e46cb86ebc02b71ee3c50220-162739b0920c7e2a5128.js.map","component---src-pages-admin-admin-layout-tsx-1ddd78f451a7b5acca80.js","component---src-pages-admin-admin-layout-tsx-1ddd78f451a7b5acca80.js.map","component---src-pages-admin-events-index-tsx-10d750c8ef6d98f7ae97.js","component---src-pages-admin-events-index-tsx-10d750c8ef6d98f7ae97.js.map"],"children":{},"childAssets":{}},"component---src-pages-admin-index-tsx":{"chunks":[0,1,3,5,4,6,19],"assets":["styles.7c7cae7e2a079cbb4f7b.css","styles-89fd2ae28bdf06750a71.js","styles-89fd2ae28bdf06750a71.js.map","commons-e157eeea623ec0dd29dc.js","commons-e157eeea623ec0dd29dc.js.map","123687157b02fa98fd45a974d1aa22a4c54ec6f2-abf1560e537bd24e103c.js","123687157b02fa98fd45a974d1aa22a4c54ec6f2-abf1560e537bd24e103c.js.map","ac6e28de0d607e89ecd045fa4d5a475eab865ce9-f61b0c6005cefcab71e5.js","ac6e28de0d607e89ecd045fa4d5a475eab865ce9-f61b0c6005cefcab71e5.js.map","139261271cbbaa93e46cb86ebc02b71ee3c50220-162739b0920c7e2a5128.js","139261271cbbaa93e46cb86ebc02b71ee3c50220-162739b0920c7e2a5128.js.map","component---src-pages-admin-admin-layout-tsx-1ddd78f451a7b5acca80.js","component---src-pages-admin-admin-layout-tsx-1ddd78f451a7b5acca80.js.map","component---src-pages-admin-index-tsx-3607eca5bf08fd6cee0f.js","component---src-pages-admin-index-tsx-3607eca5bf08fd6cee0f.js.map"],"children":{},"childAssets":{}},"component---src-pages-admin-login-tsx":{"chunks":[0,1,4,20],"assets":["styles.7c7cae7e2a079cbb4f7b.css","styles-89fd2ae28bdf06750a71.js","styles-89fd2ae28bdf06750a71.js.map","commons-e157eeea623ec0dd29dc.js","commons-e157eeea623ec0dd29dc.js.map","139261271cbbaa93e46cb86ebc02b71ee3c50220-162739b0920c7e2a5128.js","139261271cbbaa93e46cb86ebc02b71ee3c50220-162739b0920c7e2a5128.js.map","component---src-pages-admin-login-tsx-66014cbf323e6beca37a.js","component---src-pages-admin-login-tsx-66014cbf323e6beca37a.js.map"],"children":{},"childAssets":{}},"component---src-pages-admin-news-index-tsx":{"chunks":[0,1,2,3,5,4,6,7,21],"assets":["styles.7c7cae7e2a079cbb4f7b.css","styles-89fd2ae28bdf06750a71.js","styles-89fd2ae28bdf06750a71.js.map","commons-e157eeea623ec0dd29dc.js","commons-e157eeea623ec0dd29dc.js.map","27c3419ff04567782ca93d42f686386092587a57-0b2d2b8bd95b469585cf.js","27c3419ff04567782ca93d42f686386092587a57-0b2d2b8bd95b469585cf.js.map","123687157b02fa98fd45a974d1aa22a4c54ec6f2-abf1560e537bd24e103c.js","123687157b02fa98fd45a974d1aa22a4c54ec6f2-abf1560e537bd24e103c.js.map","ac6e28de0d607e89ecd045fa4d5a475eab865ce9-f61b0c6005cefcab71e5.js","ac6e28de0d607e89ecd045fa4d5a475eab865ce9-f61b0c6005cefcab71e5.js.map","139261271cbbaa93e46cb86ebc02b71ee3c50220-162739b0920c7e2a5128.js","139261271cbbaa93e46cb86ebc02b71ee3c50220-162739b0920c7e2a5128.js.map","component---src-pages-admin-admin-layout-tsx-1ddd78f451a7b5acca80.js","component---src-pages-admin-admin-layout-tsx-1ddd78f451a7b5acca80.js.map","component---src-pages-contact-us-tsx-02aaa5dd24452be6ea10.js","component---src-pages-contact-us-tsx-02aaa5dd24452be6ea10.js.map","component---src-pages-admin-news-index-tsx-70bfc92afb4c89a2badf.js","component---src-pages-admin-news-index-tsx-70bfc92afb4c89a2badf.js.map"],"children":{},"childAssets":{}},"component---src-pages-admin-notices-index-tsx":{"chunks":[0,1,2,3,5,4,6,7,22],"assets":["styles.7c7cae7e2a079cbb4f7b.css","styles-89fd2ae28bdf06750a71.js","styles-89fd2ae28bdf06750a71.js.map","commons-e157eeea623ec0dd29dc.js","commons-e157eeea623ec0dd29dc.js.map","27c3419ff04567782ca93d42f686386092587a57-0b2d2b8bd95b469585cf.js","27c3419ff04567782ca93d42f686386092587a57-0b2d2b8bd95b469585cf.js.map","123687157b02fa98fd45a974d1aa22a4c54ec6f2-abf1560e537bd24e103c.js","123687157b02fa98fd45a974d1aa22a4c54ec6f2-abf1560e537bd24e103c.js.map","ac6e28de0d607e89ecd045fa4d5a475eab865ce9-f61b0c6005cefcab71e5.js","ac6e28de0d607e89ecd045fa4d5a475eab865ce9-f61b0c6005cefcab71e5.js.map","139261271cbbaa93e46cb86ebc02b71ee3c50220-162739b0920c7e2a5128.js","139261271cbbaa93e46cb86ebc02b71ee3c50220-162739b0920c7e2a5128.js.map","component---src-pages-admin-admin-layout-tsx-1ddd78f451a7b5acca80.js","component---src-pages-admin-admin-layout-tsx-1ddd78f451a7b5acca80.js.map","component---src-pages-contact-us-tsx-02aaa5dd24452be6ea10.js","component---src-pages-contact-us-tsx-02aaa5dd24452be6ea10.js.map","component---src-pages-admin-notices-index-tsx-0355d3fd80854afdd8bb.js","component---src-pages-admin-notices-index-tsx-0355d3fd80854afdd8bb.js.map"],"children":{},"childAssets":{}},"component---src-pages-admin-tenders-index-tsx":{"chunks":[0,1,3,5,4,6,23],"assets":["styles.7c7cae7e2a079cbb4f7b.css","styles-89fd2ae28bdf06750a71.js","styles-89fd2ae28bdf06750a71.js.map","commons-e157eeea623ec0dd29dc.js","commons-e157eeea623ec0dd29dc.js.map","123687157b02fa98fd45a974d1aa22a4c54ec6f2-abf1560e537bd24e103c.js","123687157b02fa98fd45a974d1aa22a4c54ec6f2-abf1560e537bd24e103c.js.map","ac6e28de0d607e89ecd045fa4d5a475eab865ce9-f61b0c6005cefcab71e5.js","ac6e28de0d607e89ecd045fa4d5a475eab865ce9-f61b0c6005cefcab71e5.js.map","139261271cbbaa93e46cb86ebc02b71ee3c50220-162739b0920c7e2a5128.js","139261271cbbaa93e46cb86ebc02b71ee3c50220-162739b0920c7e2a5128.js.map","component---src-pages-admin-admin-layout-tsx-1ddd78f451a7b5acca80.js","component---src-pages-admin-admin-layout-tsx-1ddd78f451a7b5acca80.js.map","component---src-pages-admin-tenders-index-tsx-e1086c56e41a3bb8816f.js","component---src-pages-admin-tenders-index-tsx-e1086c56e41a3bb8816f.js.map"],"children":{},"childAssets":{}},"component---src-pages-admissions-tsx":{"chunks":[0,1,2,24],"assets":["styles.7c7cae7e2a079cbb4f7b.css","styles-89fd2ae28bdf06750a71.js","styles-89fd2ae28bdf06750a71.js.map","commons-e157eeea623ec0dd29dc.js","commons-e157eeea623ec0dd29dc.js.map","27c3419ff04567782ca93d42f686386092587a57-0b2d2b8bd95b469585cf.js","27c3419ff04567782ca93d42f686386092587a57-0b2d2b8bd95b469585cf.js.map","component---src-pages-admissions-tsx-96295af72e7ecb22df92.js","component---src-pages-admissions-tsx-96295af72e7ecb22df92.js.map"],"children":{},"childAssets":{}},"component---src-pages-apply-online-tsx":{"chunks":[0,1,25],"assets":["styles.7c7cae7e2a079cbb4f7b.css","styles-89fd2ae28bdf06750a71.js","styles-89fd2ae28bdf06750a71.js.map","commons-e157eeea623ec0dd29dc.js","commons-e157eeea623ec0dd29dc.js.map","component---src-pages-apply-online-tsx-2b32dcc2ce58185f5a03.js","component---src-pages-apply-online-tsx-2b32dcc2ce58185f5a03.js.map"],"children":{},"childAssets":{}},"component---src-pages-campus-life-tsx":{"chunks":[0,1,2,3,5,7,26],"assets":["styles.7c7cae7e2a079cbb4f7b.css","styles-89fd2ae28bdf06750a71.js","styles-89fd2ae28bdf06750a71.js.map","commons-e157eeea623ec0dd29dc.js","commons-e157eeea623ec0dd29dc.js.map","27c3419ff04567782ca93d42f686386092587a57-0b2d2b8bd95b469585cf.js","27c3419ff04567782ca93d42f686386092587a57-0b2d2b8bd95b469585cf.js.map","123687157b02fa98fd45a974d1aa22a4c54ec6f2-abf1560e537bd24e103c.js","123687157b02fa98fd45a974d1aa22a4c54ec6f2-abf1560e537bd24e103c.js.map","ac6e28de0d607e89ecd045fa4d5a475eab865ce9-f61b0c6005cefcab71e5.js","ac6e28de0d607e89ecd045fa4d5a475eab865ce9-f61b0c6005cefcab71e5.js.map","component---src-pages-contact-us-tsx-02aaa5dd24452be6ea10.js","component---src-pages-contact-us-tsx-02aaa5dd24452be6ea10.js.map","component---src-pages-campus-life-tsx-273778b7a33e47d7bf80.js","component---src-pages-campus-life-tsx-273778b7a33e47d7bf80.js.map"],"children":{},"childAssets":{}},"component---src-pages-contact-us-tsx":{"chunks":[0,1,2,3,5,7],"assets":["styles.7c7cae7e2a079cbb4f7b.css","styles-89fd2ae28bdf06750a71.js","styles-89fd2ae28bdf06750a71.js.map","commons-e157eeea623ec0dd29dc.js","commons-e157eeea623ec0dd29dc.js.map","27c3419ff04567782ca93d42f686386092587a57-0b2d2b8bd95b469585cf.js","27c3419ff04567782ca93d42f686386092587a57-0b2d2b8bd95b469585cf.js.map","123687157b02fa98fd45a974d1aa22a4c54ec6f2-abf1560e537bd24e103c.js","123687157b02fa98fd45a974d1aa22a4c54ec6f2-abf1560e537bd24e103c.js.map","ac6e28de0d607e89ecd045fa4d5a475eab865ce9-f61b0c6005cefcab71e5.js","ac6e28de0d607e89ecd045fa4d5a475eab865ce9-f61b0c6005cefcab71e5.js.map","component---src-pages-contact-us-tsx-02aaa5dd24452be6ea10.js","component---src-pages-contact-us-tsx-02aaa5dd24452be6ea10.js.map"],"children":{},"childAssets":{}},"component---src-pages-content-tsx":{"chunks":[0,1,2,27],"assets":["styles.7c7cae7e2a079cbb4f7b.css","styles-89fd2ae28bdf06750a71.js","styles-89fd2ae28bdf06750a71.js.map","commons-e157eeea623ec0dd29dc.js","commons-e157eeea623ec0dd29dc.js.map","27c3419ff04567782ca93d42f686386092587a57-0b2d2b8bd95b469585cf.js","27c3419ff04567782ca93d42f686386092587a57-0b2d2b8bd95b469585cf.js.map","component---src-pages-content-tsx-b0fb65a7fe70790187df.js","component---src-pages-content-tsx-b0fb65a7fe70790187df.js.map"],"children":{},"childAssets":{}},"component---src-pages-course-description-tsx":{"chunks":[0,1,2,28],"assets":["styles.7c7cae7e2a079cbb4f7b.css","styles-89fd2ae28bdf06750a71.js","styles-89fd2ae28bdf06750a71.js.map","commons-e157eeea623ec0dd29dc.js","commons-e157eeea623ec0dd29dc.js.map","27c3419ff04567782ca93d42f686386092587a57-0b2d2b8bd95b469585cf.js","27c3419ff04567782ca93d42f686386092587a57-0b2d2b8bd95b469585cf.js.map","component---src-pages-course-description-tsx-b76125435e75210e3eee.js","component---src-pages-course-description-tsx-b76125435e75210e3eee.js.map"],"children":{},"childAssets":{}},"component---src-pages-courses-tsx":{"chunks":[0,1,2,8,29],"assets":["styles.7c7cae7e2a079cbb4f7b.css","styles-89fd2ae28bdf06750a71.js","styles-89fd2ae28bdf06750a71.js.map","commons-e157eeea623ec0dd29dc.js","commons-e157eeea623ec0dd29dc.js.map","27c3419ff04567782ca93d42f686386092587a57-0b2d2b8bd95b469585cf.js","27c3419ff04567782ca93d42f686386092587a57-0b2d2b8bd95b469585cf.js.map","component---src-pages-schools-tsx-bd567b329691277094ca.js","component---src-pages-schools-tsx-bd567b329691277094ca.js.map","component---src-pages-courses-tsx-fe81ac86c068b87c37b6.js","component---src-pages-courses-tsx-fe81ac86c068b87c37b6.js.map"],"children":{},"childAssets":{}},"component---src-pages-downloads-tsx":{"chunks":[0,1,2,30],"assets":["styles.7c7cae7e2a079cbb4f7b.css","styles-89fd2ae28bdf06750a71.js","styles-89fd2ae28bdf06750a71.js.map","commons-e157eeea623ec0dd29dc.js","commons-e157eeea623ec0dd29dc.js.map","27c3419ff04567782ca93d42f686386092587a57-0b2d2b8bd95b469585cf.js","27c3419ff04567782ca93d42f686386092587a57-0b2d2b8bd95b469585cf.js.map","component---src-pages-downloads-tsx-fc05d0379cee2f18de01.js","component---src-pages-downloads-tsx-fc05d0379cee2f18de01.js.map"],"children":{},"childAssets":{}},"component---src-pages-event-tsx":{"chunks":[0,1,31],"assets":["styles.7c7cae7e2a079cbb4f7b.css","styles-89fd2ae28bdf06750a71.js","styles-89fd2ae28bdf06750a71.js.map","commons-e157eeea623ec0dd29dc.js","commons-e157eeea623ec0dd29dc.js.map","component---src-pages-event-tsx-3768a6048d4e8e8e498f.js","component---src-pages-event-tsx-3768a6048d4e8e8e498f.js.map"],"children":{},"childAssets":{}},"component---src-pages-faqs-tsx":{"chunks":[0,1,2,32],"assets":["styles.7c7cae7e2a079cbb4f7b.css","styles-89fd2ae28bdf06750a71.js","styles-89fd2ae28bdf06750a71.js.map","commons-e157eeea623ec0dd29dc.js","commons-e157eeea623ec0dd29dc.js.map","27c3419ff04567782ca93d42f686386092587a57-0b2d2b8bd95b469585cf.js","27c3419ff04567782ca93d42f686386092587a57-0b2d2b8bd95b469585cf.js.map","component---src-pages-faqs-tsx-e01aca0c286829263fe8.js","component---src-pages-faqs-tsx-e01aca0c286829263fe8.js.map"],"children":{},"childAssets":{}},"component---src-pages-index-tsx":{"chunks":[0,1,2,8,9,33],"assets":["styles.7c7cae7e2a079cbb4f7b.css","styles-89fd2ae28bdf06750a71.js","styles-89fd2ae28bdf06750a71.js.map","commons-e157eeea623ec0dd29dc.js","commons-e157eeea623ec0dd29dc.js.map","27c3419ff04567782ca93d42f686386092587a57-0b2d2b8bd95b469585cf.js","27c3419ff04567782ca93d42f686386092587a57-0b2d2b8bd95b469585cf.js.map","component---src-pages-schools-tsx-bd567b329691277094ca.js","component---src-pages-schools-tsx-bd567b329691277094ca.js.map","d4bba0e56524b98c7438ba84a7dae7c0b050da0f-7f494c6cf17f83b74a4a.js","d4bba0e56524b98c7438ba84a7dae7c0b050da0f-7f494c6cf17f83b74a4a.js.map","component---src-pages-index-tsx-94fbe69540214b6ff00a.js","component---src-pages-index-tsx-94fbe69540214b6ff00a.js.map"],"children":{},"childAssets":{}},"component---src-pages-login-tsx":{"chunks":[0,1,2,3,4,34],"assets":["styles.7c7cae7e2a079cbb4f7b.css","styles-89fd2ae28bdf06750a71.js","styles-89fd2ae28bdf06750a71.js.map","commons-e157eeea623ec0dd29dc.js","commons-e157eeea623ec0dd29dc.js.map","27c3419ff04567782ca93d42f686386092587a57-0b2d2b8bd95b469585cf.js","27c3419ff04567782ca93d42f686386092587a57-0b2d2b8bd95b469585cf.js.map","123687157b02fa98fd45a974d1aa22a4c54ec6f2-abf1560e537bd24e103c.js","123687157b02fa98fd45a974d1aa22a4c54ec6f2-abf1560e537bd24e103c.js.map","139261271cbbaa93e46cb86ebc02b71ee3c50220-162739b0920c7e2a5128.js","139261271cbbaa93e46cb86ebc02b71ee3c50220-162739b0920c7e2a5128.js.map","component---src-pages-login-tsx-838d3ffbfcb1203beb85.js","component---src-pages-login-tsx-838d3ffbfcb1203beb85.js.map"],"children":{},"childAssets":{}},"component---src-pages-maintenance-tsx":{"chunks":[0,1,35],"assets":["styles.7c7cae7e2a079cbb4f7b.css","styles-89fd2ae28bdf06750a71.js","styles-89fd2ae28bdf06750a71.js.map","commons-e157eeea623ec0dd29dc.js","commons-e157eeea623ec0dd29dc.js.map","component---src-pages-maintenance-tsx-def144ad7e09fb6279dd.js","component---src-pages-maintenance-tsx-def144ad7e09fb6279dd.js.map"],"children":{},"childAssets":{}},"component---src-pages-notice-tsx":{"chunks":[0,1,36],"assets":["styles.7c7cae7e2a079cbb4f7b.css","styles-89fd2ae28bdf06750a71.js","styles-89fd2ae28bdf06750a71.js.map","commons-e157eeea623ec0dd29dc.js","commons-e157eeea623ec0dd29dc.js.map","component---src-pages-notice-tsx-f20dd40371403775e844.js","component---src-pages-notice-tsx-f20dd40371403775e844.js.map"],"children":{},"childAssets":{}},"component---src-pages-post-tsx":{"chunks":[0,1,37],"assets":["styles.7c7cae7e2a079cbb4f7b.css","styles-89fd2ae28bdf06750a71.js","styles-89fd2ae28bdf06750a71.js.map","commons-e157eeea623ec0dd29dc.js","commons-e157eeea623ec0dd29dc.js.map","component---src-pages-post-tsx-944406be38a36b60560c.js","component---src-pages-post-tsx-944406be38a36b60560c.js.map"],"children":{},"childAssets":{}},"component---src-pages-privacyandterms-tsx":{"chunks":[0,1,38],"assets":["styles.7c7cae7e2a079cbb4f7b.css","styles-89fd2ae28bdf06750a71.js","styles-89fd2ae28bdf06750a71.js.map","commons-e157eeea623ec0dd29dc.js","commons-e157eeea623ec0dd29dc.js.map","component---src-pages-privacyandterms-tsx-5c0d67123069da1a481f.js","component---src-pages-privacyandterms-tsx-5c0d67123069da1a481f.js.map"],"children":{},"childAssets":{}},"component---src-pages-research-and-development-tsx":{"chunks":[0,1,2,39],"assets":["styles.7c7cae7e2a079cbb4f7b.css","styles-89fd2ae28bdf06750a71.js","styles-89fd2ae28bdf06750a71.js.map","commons-e157eeea623ec0dd29dc.js","commons-e157eeea623ec0dd29dc.js.map","27c3419ff04567782ca93d42f686386092587a57-0b2d2b8bd95b469585cf.js","27c3419ff04567782ca93d42f686386092587a57-0b2d2b8bd95b469585cf.js.map","component---src-pages-research-and-development-tsx-36acce4aa48d05dfcef1.js","component---src-pages-research-and-development-tsx-36acce4aa48d05dfcef1.js.map"],"children":{},"childAssets":{}},"component---src-pages-schools-tsx":{"chunks":[0,1,8],"assets":["styles.7c7cae7e2a079cbb4f7b.css","styles-89fd2ae28bdf06750a71.js","styles-89fd2ae28bdf06750a71.js.map","commons-e157eeea623ec0dd29dc.js","commons-e157eeea623ec0dd29dc.js.map","component---src-pages-schools-tsx-bd567b329691277094ca.js","component---src-pages-schools-tsx-bd567b329691277094ca.js.map"],"children":{},"childAssets":{}},"component---src-pages-tenders-tsx":{"chunks":[0,1,2,40],"assets":["styles.7c7cae7e2a079cbb4f7b.css","styles-89fd2ae28bdf06750a71.js","styles-89fd2ae28bdf06750a71.js.map","commons-e157eeea623ec0dd29dc.js","commons-e157eeea623ec0dd29dc.js.map","27c3419ff04567782ca93d42f686386092587a57-0b2d2b8bd95b469585cf.js","27c3419ff04567782ca93d42f686386092587a57-0b2d2b8bd95b469585cf.js.map","component---src-pages-tenders-tsx-2f11eaac1e41e1488d3f.js","component---src-pages-tenders-tsx-2f11eaac1e41e1488d3f.js.map"],"children":{},"childAssets":{}},"component---src-pages-vacancies-tsx":{"chunks":[0,1,2,41],"assets":["styles.7c7cae7e2a079cbb4f7b.css","styles-89fd2ae28bdf06750a71.js","styles-89fd2ae28bdf06750a71.js.map","commons-e157eeea623ec0dd29dc.js","commons-e157eeea623ec0dd29dc.js.map","27c3419ff04567782ca93d42f686386092587a57-0b2d2b8bd95b469585cf.js","27c3419ff04567782ca93d42f686386092587a57-0b2d2b8bd95b469585cf.js.map","component---src-pages-vacancies-tsx-5f9d7c647c365f69b2ab.js","component---src-pages-vacancies-tsx-5f9d7c647c365f69b2ab.js.map"],"children":{},"childAssets":{}}},"assetsByChunkName":{"polyfill":["webpack-runtime-6820817a606e594573e9.js","polyfill-ab03d1dd9296e00ace3d.js"],"app":["webpack-runtime-6820817a606e594573e9.js","styles.7c7cae7e2a079cbb4f7b.css","styles-89fd2ae28bdf06750a71.js","framework-602cbbe1188f8c2e32f3.js","app-2a354569f894bd126a7b.js"],"component---src-pages-404-tsx":["styles.7c7cae7e2a079cbb4f7b.css","styles-89fd2ae28bdf06750a71.js","commons-e157eeea623ec0dd29dc.js","27c3419ff04567782ca93d42f686386092587a57-0b2d2b8bd95b469585cf.js","component---src-pages-404-tsx-65c80590fba00a14dc61.js"],"component---src-pages-about-us-tsx":["styles.7c7cae7e2a079cbb4f7b.css","styles-89fd2ae28bdf06750a71.js","commons-e157eeea623ec0dd29dc.js","27c3419ff04567782ca93d42f686386092587a57-0b2d2b8bd95b469585cf.js","d4bba0e56524b98c7438ba84a7dae7c0b050da0f-7f494c6cf17f83b74a4a.js","component---src-pages-about-us-tsx-1af7e67cf8c4d11ce5b8.js"],"component---src-pages-admin-admin-layout-tsx":["styles.7c7cae7e2a079cbb4f7b.css","styles-89fd2ae28bdf06750a71.js","commons-e157eeea623ec0dd29dc.js","123687157b02fa98fd45a974d1aa22a4c54ec6f2-abf1560e537bd24e103c.js","ac6e28de0d607e89ecd045fa4d5a475eab865ce9-f61b0c6005cefcab71e5.js","139261271cbbaa93e46cb86ebc02b71ee3c50220-162739b0920c7e2a5128.js","component---src-pages-admin-admin-layout-tsx-1ddd78f451a7b5acca80.js"],"component---src-pages-admin-careers-index-tsx":["styles.7c7cae7e2a079cbb4f7b.css","styles-89fd2ae28bdf06750a71.js","commons-e157eeea623ec0dd29dc.js","123687157b02fa98fd45a974d1aa22a4c54ec6f2-abf1560e537bd24e103c.js","ac6e28de0d607e89ecd045fa4d5a475eab865ce9-f61b0c6005cefcab71e5.js","139261271cbbaa93e46cb86ebc02b71ee3c50220-162739b0920c7e2a5128.js","component---src-pages-admin-admin-layout-tsx-1ddd78f451a7b5acca80.js","component---src-pages-admin-careers-index-tsx-8052270d493856ea0f35.js"],"component---src-pages-admin-courses-courses-tsx":["styles.7c7cae7e2a079cbb4f7b.css","styles-89fd2ae28bdf06750a71.js","commons-e157eeea623ec0dd29dc.js","123687157b02fa98fd45a974d1aa22a4c54ec6f2-abf1560e537bd24e103c.js","ac6e28de0d607e89ecd045fa4d5a475eab865ce9-f61b0c6005cefcab71e5.js","139261271cbbaa93e46cb86ebc02b71ee3c50220-162739b0920c7e2a5128.js","component---src-pages-admin-admin-layout-tsx-1ddd78f451a7b5acca80.js","component---src-pages-admin-courses-courses-tsx-d096a91467d72c20ae76.js"],"component---src-pages-admin-courses-index-tsx":["styles.7c7cae7e2a079cbb4f7b.css","styles-89fd2ae28bdf06750a71.js","commons-e157eeea623ec0dd29dc.js","27c3419ff04567782ca93d42f686386092587a57-0b2d2b8bd95b469585cf.js","123687157b02fa98fd45a974d1aa22a4c54ec6f2-abf1560e537bd24e103c.js","ac6e28de0d607e89ecd045fa4d5a475eab865ce9-f61b0c6005cefcab71e5.js","139261271cbbaa93e46cb86ebc02b71ee3c50220-162739b0920c7e2a5128.js","component---src-pages-admin-admin-layout-tsx-1ddd78f451a7b5acca80.js","component---src-pages-contact-us-tsx-02aaa5dd24452be6ea10.js","component---src-pages-admin-courses-index-tsx-adca3233a5daad992427.js"],"component---src-pages-admin-downloads-index-tsx":["styles.7c7cae7e2a079cbb4f7b.css","styles-89fd2ae28bdf06750a71.js","commons-e157eeea623ec0dd29dc.js","123687157b02fa98fd45a974d1aa22a4c54ec6f2-abf1560e537bd24e103c.js","ac6e28de0d607e89ecd045fa4d5a475eab865ce9-f61b0c6005cefcab71e5.js","139261271cbbaa93e46cb86ebc02b71ee3c50220-162739b0920c7e2a5128.js","component---src-pages-admin-admin-layout-tsx-1ddd78f451a7b5acca80.js","component---src-pages-admin-downloads-index-tsx-b873b0612ea28681ac27.js"],"component---src-pages-admin-events-index-tsx":["styles.7c7cae7e2a079cbb4f7b.css","styles-89fd2ae28bdf06750a71.js","commons-e157eeea623ec0dd29dc.js","123687157b02fa98fd45a974d1aa22a4c54ec6f2-abf1560e537bd24e103c.js","ac6e28de0d607e89ecd045fa4d5a475eab865ce9-f61b0c6005cefcab71e5.js","139261271cbbaa93e46cb86ebc02b71ee3c50220-162739b0920c7e2a5128.js","component---src-pages-admin-admin-layout-tsx-1ddd78f451a7b5acca80.js","component---src-pages-admin-events-index-tsx-10d750c8ef6d98f7ae97.js"],"component---src-pages-admin-index-tsx":["styles.7c7cae7e2a079cbb4f7b.css","styles-89fd2ae28bdf06750a71.js","commons-e157eeea623ec0dd29dc.js","123687157b02fa98fd45a974d1aa22a4c54ec6f2-abf1560e537bd24e103c.js","ac6e28de0d607e89ecd045fa4d5a475eab865ce9-f61b0c6005cefcab71e5.js","139261271cbbaa93e46cb86ebc02b71ee3c50220-162739b0920c7e2a5128.js","component---src-pages-admin-admin-layout-tsx-1ddd78f451a7b5acca80.js","component---src-pages-admin-index-tsx-3607eca5bf08fd6cee0f.js"],"component---src-pages-admin-login-tsx":["styles.7c7cae7e2a079cbb4f7b.css","styles-89fd2ae28bdf06750a71.js","commons-e157eeea623ec0dd29dc.js","139261271cbbaa93e46cb86ebc02b71ee3c50220-162739b0920c7e2a5128.js","component---src-pages-admin-login-tsx-66014cbf323e6beca37a.js"],"component---src-pages-admin-news-index-tsx":["styles.7c7cae7e2a079cbb4f7b.css","styles-89fd2ae28bdf06750a71.js","commons-e157eeea623ec0dd29dc.js","27c3419ff04567782ca93d42f686386092587a57-0b2d2b8bd95b469585cf.js","123687157b02fa98fd45a974d1aa22a4c54ec6f2-abf1560e537bd24e103c.js","ac6e28de0d607e89ecd045fa4d5a475eab865ce9-f61b0c6005cefcab71e5.js","139261271cbbaa93e46cb86ebc02b71ee3c50220-162739b0920c7e2a5128.js","component---src-pages-admin-admin-layout-tsx-1ddd78f451a7b5acca80.js","component---src-pages-contact-us-tsx-02aaa5dd24452be6ea10.js","component---src-pages-admin-news-index-tsx-70bfc92afb4c89a2badf.js"],"component---src-pages-admin-notices-index-tsx":["styles.7c7cae7e2a079cbb4f7b.css","styles-89fd2ae28bdf06750a71.js","commons-e157eeea623ec0dd29dc.js","27c3419ff04567782ca93d42f686386092587a57-0b2d2b8bd95b469585cf.js","123687157b02fa98fd45a974d1aa22a4c54ec6f2-abf1560e537bd24e103c.js","ac6e28de0d607e89ecd045fa4d5a475eab865ce9-f61b0c6005cefcab71e5.js","139261271cbbaa93e46cb86ebc02b71ee3c50220-162739b0920c7e2a5128.js","component---src-pages-admin-admin-layout-tsx-1ddd78f451a7b5acca80.js","component---src-pages-contact-us-tsx-02aaa5dd24452be6ea10.js","component---src-pages-admin-notices-index-tsx-0355d3fd80854afdd8bb.js"],"component---src-pages-admin-tenders-index-tsx":["styles.7c7cae7e2a079cbb4f7b.css","styles-89fd2ae28bdf06750a71.js","commons-e157eeea623ec0dd29dc.js","123687157b02fa98fd45a974d1aa22a4c54ec6f2-abf1560e537bd24e103c.js","ac6e28de0d607e89ecd045fa4d5a475eab865ce9-f61b0c6005cefcab71e5.js","139261271cbbaa93e46cb86ebc02b71ee3c50220-162739b0920c7e2a5128.js","component---src-pages-admin-admin-layout-tsx-1ddd78f451a7b5acca80.js","component---src-pages-admin-tenders-index-tsx-e1086c56e41a3bb8816f.js"],"component---src-pages-admissions-tsx":["styles.7c7cae7e2a079cbb4f7b.css","styles-89fd2ae28bdf06750a71.js","commons-e157eeea623ec0dd29dc.js","27c3419ff04567782ca93d42f686386092587a57-0b2d2b8bd95b469585cf.js","component---src-pages-admissions-tsx-96295af72e7ecb22df92.js"],"component---src-pages-apply-online-tsx":["styles.7c7cae7e2a079cbb4f7b.css","styles-89fd2ae28bdf06750a71.js","commons-e157eeea623ec0dd29dc.js","component---src-pages-apply-online-tsx-2b32dcc2ce58185f5a03.js"],"component---src-pages-campus-life-tsx":["styles.7c7cae7e2a079cbb4f7b.css","styles-89fd2ae28bdf06750a71.js","commons-e157eeea623ec0dd29dc.js","27c3419ff04567782ca93d42f686386092587a57-0b2d2b8bd95b469585cf.js","123687157b02fa98fd45a974d1aa22a4c54ec6f2-abf1560e537bd24e103c.js","ac6e28de0d607e89ecd045fa4d5a475eab865ce9-f61b0c6005cefcab71e5.js","component---src-pages-contact-us-tsx-02aaa5dd24452be6ea10.js","component---src-pages-campus-life-tsx-273778b7a33e47d7bf80.js"],"component---src-pages-contact-us-tsx":["styles.7c7cae7e2a079cbb4f7b.css","styles-89fd2ae28bdf06750a71.js","commons-e157eeea623ec0dd29dc.js","27c3419ff04567782ca93d42f686386092587a57-0b2d2b8bd95b469585cf.js","123687157b02fa98fd45a974d1aa22a4c54ec6f2-abf1560e537bd24e103c.js","ac6e28de0d607e89ecd045fa4d5a475eab865ce9-f61b0c6005cefcab71e5.js","component---src-pages-contact-us-tsx-02aaa5dd24452be6ea10.js"],"component---src-pages-content-tsx":["styles.7c7cae7e2a079cbb4f7b.css","styles-89fd2ae28bdf06750a71.js","commons-e157eeea623ec0dd29dc.js","27c3419ff04567782ca93d42f686386092587a57-0b2d2b8bd95b469585cf.js","component---src-pages-content-tsx-b0fb65a7fe70790187df.js"],"component---src-pages-course-description-tsx":["styles.7c7cae7e2a079cbb4f7b.css","styles-89fd2ae28bdf06750a71.js","commons-e157eeea623ec0dd29dc.js","27c3419ff04567782ca93d42f686386092587a57-0b2d2b8bd95b469585cf.js","component---src-pages-course-description-tsx-b76125435e75210e3eee.js"],"component---src-pages-courses-tsx":["styles.7c7cae7e2a079cbb4f7b.css","styles-89fd2ae28bdf06750a71.js","commons-e157eeea623ec0dd29dc.js","27c3419ff04567782ca93d42f686386092587a57-0b2d2b8bd95b469585cf.js","component---src-pages-schools-tsx-bd567b329691277094ca.js","component---src-pages-courses-tsx-fe81ac86c068b87c37b6.js"],"component---src-pages-downloads-tsx":["styles.7c7cae7e2a079cbb4f7b.css","styles-89fd2ae28bdf06750a71.js","commons-e157eeea623ec0dd29dc.js","27c3419ff04567782ca93d42f686386092587a57-0b2d2b8bd95b469585cf.js","component---src-pages-downloads-tsx-fc05d0379cee2f18de01.js"],"component---src-pages-event-tsx":["styles.7c7cae7e2a079cbb4f7b.css","styles-89fd2ae28bdf06750a71.js","commons-e157eeea623ec0dd29dc.js","component---src-pages-event-tsx-3768a6048d4e8e8e498f.js"],"component---src-pages-faqs-tsx":["styles.7c7cae7e2a079cbb4f7b.css","styles-89fd2ae28bdf06750a71.js","commons-e157eeea623ec0dd29dc.js","27c3419ff04567782ca93d42f686386092587a57-0b2d2b8bd95b469585cf.js","component---src-pages-faqs-tsx-e01aca0c286829263fe8.js"],"component---src-pages-index-tsx":["styles.7c7cae7e2a079cbb4f7b.css","styles-89fd2ae28bdf06750a71.js","commons-e157eeea623ec0dd29dc.js","27c3419ff04567782ca93d42f686386092587a57-0b2d2b8bd95b469585cf.js","component---src-pages-schools-tsx-bd567b329691277094ca.js","d4bba0e56524b98c7438ba84a7dae7c0b050da0f-7f494c6cf17f83b74a4a.js","component---src-pages-index-tsx-94fbe69540214b6ff00a.js"],"component---src-pages-login-tsx":["styles.7c7cae7e2a079cbb4f7b.css","styles-89fd2ae28bdf06750a71.js","commons-e157eeea623ec0dd29dc.js","27c3419ff04567782ca93d42f686386092587a57-0b2d2b8bd95b469585cf.js","123687157b02fa98fd45a974d1aa22a4c54ec6f2-abf1560e537bd24e103c.js","139261271cbbaa93e46cb86ebc02b71ee3c50220-162739b0920c7e2a5128.js","component---src-pages-login-tsx-838d3ffbfcb1203beb85.js"],"component---src-pages-maintenance-tsx":["styles.7c7cae7e2a079cbb4f7b.css","styles-89fd2ae28bdf06750a71.js","commons-e157eeea623ec0dd29dc.js","component---src-pages-maintenance-tsx-def144ad7e09fb6279dd.js"],"component---src-pages-notice-tsx":["styles.7c7cae7e2a079cbb4f7b.css","styles-89fd2ae28bdf06750a71.js","commons-e157eeea623ec0dd29dc.js","component---src-pages-notice-tsx-f20dd40371403775e844.js"],"component---src-pages-post-tsx":["styles.7c7cae7e2a079cbb4f7b.css","styles-89fd2ae28bdf06750a71.js","commons-e157eeea623ec0dd29dc.js","component---src-pages-post-tsx-944406be38a36b60560c.js"],"component---src-pages-privacyandterms-tsx":["styles.7c7cae7e2a079cbb4f7b.css","styles-89fd2ae28bdf06750a71.js","commons-e157eeea623ec0dd29dc.js","component---src-pages-privacyandterms-tsx-5c0d67123069da1a481f.js"],"component---src-pages-research-and-development-tsx":["styles.7c7cae7e2a079cbb4f7b.css","styles-89fd2ae28bdf06750a71.js","commons-e157eeea623ec0dd29dc.js","27c3419ff04567782ca93d42f686386092587a57-0b2d2b8bd95b469585cf.js","component---src-pages-research-and-development-tsx-36acce4aa48d05dfcef1.js"],"component---src-pages-schools-tsx":["styles.7c7cae7e2a079cbb4f7b.css","styles-89fd2ae28bdf06750a71.js","commons-e157eeea623ec0dd29dc.js","component---src-pages-schools-tsx-bd567b329691277094ca.js"],"component---src-pages-tenders-tsx":["styles.7c7cae7e2a079cbb4f7b.css","styles-89fd2ae28bdf06750a71.js","commons-e157eeea623ec0dd29dc.js","27c3419ff04567782ca93d42f686386092587a57-0b2d2b8bd95b469585cf.js","component---src-pages-tenders-tsx-2f11eaac1e41e1488d3f.js"],"component---src-pages-vacancies-tsx":["styles.7c7cae7e2a079cbb4f7b.css","styles-89fd2ae28bdf06750a71.js","commons-e157eeea623ec0dd29dc.js","27c3419ff04567782ca93d42f686386092587a57-0b2d2b8bd95b469585cf.js","component---src-pages-vacancies-tsx-5f9d7c647c365f69b2ab.js"]}}